,student_id,success_rate
0,000f96b7-ba0e-43ce-a5c3-c8fc0a6406f0,0.967032967032967
1,004362ba-cb75-400b-a279-c9f54e3dde5d,0.9801980198019802
2,007b3513-a877-44c0-b841-0a9ff14ef6b4,0.8617021276595744
3,007b944d-77d2-457f-b0e8-81b2fd80dbf6,0.9101123595505618
4,007f6785-388a-4dee-8cc8-e1c903fd78e2,0.9932432432432432
5,009bc678-b721-4875-bfd5-86b882a08b89,0.9431818181818182
6,00bf32fa-11e7-4593-bac5-e576f255f849,0.8
7,00bf99ee-ac34-473a-978f-bb9c2a7e2d14,0.7272727272727273
8,00c3a4b3-fc20-4d16-8b10-8e3d00938ba9,0.9370629370629371
9,0154ccb3-67b5-4945-9d43-113cb0a70b8f,0.9133858267716536
10,01731d88-8fb2-4cc3-a939-96e2ce45b323,0.7857142857142857
11,01c4ce91-6adb-4380-b6d4-9f0e2ab023e6,0.7373737373737373
12,021e499a-be6a-4b9a-8bcc-d5a2324e82fd,0.9424460431654677
13,0256fa1f-5ccc-4fc9-ae02-ee6743909347,0.5111111111111111
14,027d2b8e-d14d-428a-a33d-3adda62778c4,0.8521739130434782
15,02b8fd3c-3ce8-47b7-83ec-4d64960a9007,0.6779661016949152
16,02e9a973-da75-474e-9994-61f58192f450,1.0
17,0307f9cf-af05-48a2-a8da-a8f53bfe77dd,0.8536585365853658
18,0313fdd8-66b4-4484-b981-aa8227923304,0.9174311926605505
19,0361085d-63da-48d7-ac0d-4ba1cb38bdce,0.1891891891891892
20,03be3fc9-5d83-455a-9f80-8cc7b863e584,0.8872180451127819
21,03c762d0-5959-4f04-b7a4-1b79de10d18e,0.8589743589743589
22,03f902a9-ec58-4e19-bb78-462557901cc5,0.8556701030927835
23,04165f13-f076-4398-b512-b0563f6c6378,0.976
24,043a889b-74c6-47cb-94f3-e39f52b6a348,0.974025974025974
25,04aaefdf-ea12-4a2f-80fb-c470a0b838d8,0.9328859060402684
26,04d4e4b6-2257-44fb-b906-55fd9ee3fa95,0.8439716312056738
27,054379e5-27bf-4d64-8b95-92b800f99013,0.8415841584158416
28,054f7b70-df05-4916-a2be-6bd6849dd2ec,0.5882352941176471
29,0555bed6-5552-460b-9edd-39567abc4e12,0.9494949494949495
30,0557962b-be06-4080-a318-faea73b1256a,0.8953488372093024
31,0572bd3c-39ea-4191-98c1-6aa6dad54db3,0.8811881188118812
32,0596d795-5ec3-4d32-88fb-40f8f51ea1cc,0.9805825242718447
33,05b13b3c-150c-43b4-a671-fb8da32d1d56,0.9291338582677166
34,05d31f3a-6af0-4910-ab39-838af8a6725f,0.9375
35,06362a71-a5e1-4f17-bdda-824f02febbea,0.7222222222222222
36,0660b5d0-5da8-42b3-acd7-900158dc4a9b,1.0
37,066ff457-a611-4eb2-bd19-65306b5fc91b,0.9596774193548387
38,06b8be6f-ef60-41e4-9020-da2821c3df6f,0.9578947368421052
39,06c267f9-4569-438e-9f67-e6a55114e414,0.7472527472527473
40,06cee05d-bdda-4d43-baf9-9ef3a3f4c3f4,0.9166666666666666
41,06ecb79d-515f-4520-a6f8-39a029b4a45d,0.8666666666666667
42,0779b360-d487-456e-af20-8081d2d5f3cd,0.9326923076923077
43,0785c638-1de7-4094-917f-885e5d4ce313,0.925531914893617
44,07aa1a62-685d-4eea-b125-7a4c146c69ad,0.9186991869918699
45,07adb169-9069-43d4-a108-9143aea0e27f,0.9538461538461539
46,07c00109-f0fc-48e5-b18a-2092d964747b,0.8160919540229885
47,07cf1014-70a7-421a-9551-20f3223413a2,0.8666666666666667
48,07d0ad24-8b0b-4a35-88ca-d1e5ece53a28,0.875
49,07e5b7d0-04f3-41c0-833e-fad90db0739e,0.8636363636363636
50,07fbeb67-b77d-4c6c-8a1b-a9e6db2371d6,0.956140350877193
51,08038a4a-302b-408d-ac0f-4791172c5a81,0.8848920863309353
52,08188682-e611-41c5-a1d3-7c98b8fbbf90,0.8524590163934426
53,08b872a1-1cea-4ea6-8d79-aa52b2624ad0,0.8372093023255814
54,0972a244-4003-423e-824b-094019e5c23f,0.8021978021978022
55,097b982a-e31d-417c-9d00-d4459419a669,0.8514851485148515
56,099beb1c-3583-40cf-8db7-4808a030ea50,1.0
57,09bdc848-b0c3-4824-919e-e8f6ce31b4e6,0.9719626168224299
58,09d84e3c-3602-4059-b543-d9aa75bfc770,0.9444444444444444
59,09f845f9-9258-4f0a-8f12-8137f9a93f81,0.9788732394366197
60,0a816cef-0189-4371-9687-25bea2811b40,0.8791208791208791
61,0aa046b4-4171-41dc-a24b-a72e88dab3d8,1.0
62,0aa74730-95e8-47ae-b555-f44388367af6,0.8981481481481481
63,0ac63b9c-4354-4111-873d-52c711f0a2c0,0.684931506849315
64,0ac6683a-57c5-4aae-9cf5-e45228f6fcf2,0.8709677419354839
65,0aff98ad-1f21-426b-a0e5-71f33fcbe6aa,0.8476190476190476
66,0ba0e1d4-6c8e-426a-bcda-d418cb3666da,0.8192771084337349
67,0ba88570-db1e-4b4d-935f-781ffdeaf252,1.0
68,0bb0a9ac-9854-48b5-b284-71b67a4aa167,1.0
69,0bb0f615-5c40-4e1b-972a-445cc8046d19,0.735632183908046
70,0c06d3df-f874-4f01-a962-703c0326831f,0.8556701030927835
71,0c105db4-f668-4b6d-9b3d-49b7f5cb90a2,0.8157894736842105
72,0c6b8734-a6cd-4a17-ab7c-ab48baa1d026,0.88
73,0c9f01dc-aeec-425c-8105-4f6158c5dfb4,0.952
74,0d195dda-6c01-4245-9aca-9d9806f45eb2,0.9251700680272109
75,0e13eda7-6cc1-4c93-9689-cb3a1cce80e3,0.9846153846153847
76,0e16fbe1-3e0b-4a59-8b72-31b3fcc4da0b,1.0
77,0e525692-eb3f-4bbf-adff-8f1afd3a579d,0.8778625954198473
78,0e537869-79ae-4632-a999-0f4b34033846,0.8953488372093024
79,0e87829b-6731-4baf-81b9-8e4bf670d234,0.9885057471264368
80,0f1c546a-a7f9-4ad2-96d6-ff1e6b3e03b2,0.978494623655914
81,0f353d96-2daf-4833-9173-4c65a7a7803f,0.7528089887640449
82,0f45519b-550f-4ccc-9983-8e9d32e7dd9b,0.7931034482758621
83,0f74b794-cfc5-403d-acd5-68a230f9f987,0.8709677419354839
84,0f7eeb1a-ee8c-4a63-bdcb-7e260d07b010,0.9565217391304348
85,0fa8c096-b4ee-4161-a793-845789295327,0.795774647887324
86,10176bcf-0e25-43e3-86dd-3011a77d6013,0.7654320987654321
87,102c164f-36f0-4a78-b853-eae27c29ebbf,0.8192771084337349
88,102edb7d-d17b-4624-b6a0-5fd1eb44706e,0.896
89,106bf391-2d87-44f8-b870-2aff07dcb7c3,0.7727272727272727
90,107e1cd2-6c85-4b1a-b5c6-5c75538679cc,0.8129496402877698
91,10cc6044-63f0-4a28-9b87-4de2498954db,0.8207547169811321
92,10f3bdb7-0174-440e-a104-d228763997fd,0.8222222222222222
93,110c7280-7f3d-4669-9b2b-301e426fca3a,0.8692307692307693
94,110f6e24-be91-40e0-9eb1-edcc3bb10b72,0.875
95,11141071-37ae-48df-9bf2-59f2a3f23fd2,0.9418604651162791
96,113943b3-2172-411a-83b5-56cd493e9dfe,0.9523809523809523
97,114a14bd-9f94-4f94-b073-dec8f6d0e1d6,0.84
98,115361f3-22a2-41c9-99b0-acb5359e81dc,0.9137931034482759
99,11602bb4-a6f3-4c5e-8c2c-de25aee7c097,0.9252336448598131
100,1175d753-491e-40eb-8557-9c5838021c0c,0.7127659574468085
101,118df66c-3d40-4882-a57d-d1348b0780cd,1.0
102,119ecfd8-130a-4a27-98b7-6be019f21e4c,0.9807692307692307
103,11ba39b2-2da4-4c96-a486-2d857ff09338,0.8309859154929577
104,11dbf213-73b0-4458-ab43-99f0ba72757f,0.803030303030303
105,1223166c-c4f7-4a00-bdb5-cf39d66d4ff1,0.9640287769784173
106,12370a60-534c-49d9-8870-6177afe0a015,0.5555555555555556
107,12a20497-6ab3-4de7-ba9b-fab7e018a789,0.94
108,12d71729-0390-43d6-8c85-fcb67234c090,0.8545454545454545
109,12f60370-aaf3-4625-8a98-2632e21f35e7,0.9927536231884058
110,13043cfc-3cea-4c29-8c2c-3dec236fa592,0.9775280898876404
111,131666fc-6601-4c70-a223-5c4f5911de41,0.75
112,13232ef5-5e8d-4d11-9ae2-690d8457f151,0.9885057471264368
113,138af7e1-799e-45da-bd94-ea9eb0cc0bae,0.987012987012987
114,13de3e8d-e94a-47b9-a9e2-cdd7ca8c49da,0.8541666666666666
115,13fc31de-8cb0-4aa6-a77b-1cda26e243ca,0.7325581395348837
116,140ea24a-60ba-4283-8826-d888b7840289,0.8846153846153846
117,141b7e48-bd32-48bf-8287-a0eb88761970,0.9806451612903225
118,1462d01f-f14f-4d42-9394-9df3e5a80beb,0.8738738738738738
119,14a8cb73-9857-49d2-8b36-f57188a1c434,0.8817204301075269
120,14ad74a0-ea3a-485e-bd00-1aec7e835acc,0.7176470588235294
121,14b7de6f-bd2c-45b3-8f1b-4988287055c3,0.975609756097561
122,14cad200-bd05-4299-bea5-959075faf33b,0.8048780487804879
123,14d1375b-7462-41d0-bc13-f71d9f887250,0.8613861386138614
124,14ef3028-bbf0-491c-b18c-a7af53561656,0.89
125,15598444-b0b9-4dd5-9b3a-5a9cb0b1bbd5,0.979381443298969
126,155eb363-c461-456e-b6f5-48041ad9d2ca,0.8222222222222222
127,155f7e71-2d0c-4b63-b56b-6924906aa3f6,0.8863636363636364
128,15689358-26ee-41c5-8982-31eefdfea986,0.9230769230769231
129,1578140f-8653-42d7-884d-c361de9cbe92,0.8899082568807339
130,158b028b-f660-48ee-a8c2-f9f8590ad471,0.9797297297297297
131,159c3749-f40d-4f52-a6e0-57568e780e03,0.8846153846153846
132,15b54d42-a944-4b0e-9f8e-6a22c48dbc07,0.7209302325581395
133,15d9af5a-f833-4b78-a2e2-0a87fb423bae,0.9310344827586207
134,15dae171-7587-4945-8190-962e75059547,1.0
135,15f95aaa-69be-4dd2-a030-51f950b84e20,0.9857142857142858
136,16017054-04cf-4a4f-850e-e397e058dcff,0.8914728682170543
137,167f02e7-3344-425f-b35f-d59e2392d334,0.9489795918367347
138,168cb697-87eb-4d7f-a19a-972c03e3d1cb,0.8951612903225806
139,16b16d74-e229-4c99-af2c-470ab10ac444,0.7372881355932204
140,16b19ec1-83ec-46ca-b9d7-0102902080b0,0.8736842105263158
141,16b8c2b3-34d9-4a81-8625-cd5036335cb9,1.0
142,16cbb7c2-1071-4bc3-a2cb-8badf1f6a8b4,0.8271604938271605
143,16eaef25-1f71-4b1b-b5fa-a7a52a292254,0.8983050847457628
144,170a1b9e-edc2-4c51-a13e-15b91b5de804,0.9142857142857143
145,1717859e-8c59-458c-ac1f-6e2cd5f21cdd,0.9888888888888889
146,1737117c-a925-43c0-9302-096ec9beb7a7,0.9693877551020408
147,175d6165-2dbd-4e13-89ba-320c2bca8fb7,0.7672413793103449
148,177bcbc3-9b1d-4447-8c52-3a0a8cae3559,0.951048951048951
149,17914fd1-d053-4b5c-9333-55002d7e1526,0.8804347826086957
150,179e37cd-b777-4f9f-b890-a29db6c6e804,0.84
151,17b6e7ee-7f2a-435b-8c5a-513f944af78c,0.9900990099009901
152,17bc6c1d-3408-46e5-9d50-4cd6dddcb50a,0.9379310344827586
153,17e38f2e-4fc2-4a5f-96c3-ba4fbc2956a8,0.7524752475247525
154,1810f6dc-744d-4e34-bd96-2ab46d14e55e,1.0
155,1874b2d6-1314-48c9-94ec-bbf929befcd6,0.9431818181818182
156,18e3b522-acdb-4a64-a6bd-9df8cc322bc6,1.0
157,19082f97-992f-4bbd-bf29-4da2392c1c43,0.782608695652174
158,1929440f-debf-492f-90e3-f056c286cf3c,0.8051948051948052
159,192b1427-c246-4761-bacb-b12693e5c2b8,1.0
160,1968bb53-f409-44c6-b0fa-d02441a1eab0,0.8650793650793651
161,196cded0-6a06-40a2-a0d9-56d0c7f4f7da,0.9256198347107438
162,19937d3b-2978-42dc-92e5-4a4ea67bb21d,0.8666666666666667
163,19dcf441-1ec0-43ba-a666-1d50f76cef0a,0.9847328244274809
164,19e954dd-4851-43f9-aff4-f86c63f1cb3f,0.9047619047619048
165,1a16185c-ea3d-40af-a3df-19b77e087dc3,0.9680851063829787
166,1a18e912-e101-46f5-ad8f-ea688ab26b66,0.8488372093023255
167,1a1e8b7c-27e5-45b8-bc64-c472fd92ce4e,0.9528301886792453
168,1a8fcbc1-4f0a-437c-9a5c-1f05b86f9a08,0.9065420560747663
169,1aa43668-862f-449a-96f9-10a27ae22525,0.9361702127659575
170,1ab045ce-e2c8-4979-a942-b9acd00a3293,0.9626865671641791
171,1ada08d2-023e-4599-8ec3-e49466cc865c,0.8526315789473684
172,1b19c857-46cd-458e-91d4-7608c021d608,0.967479674796748
173,1b27c5fc-934b-4aa7-8140-f4d083c7a9d1,0.8333333333333334
174,1b573e5d-4c55-4579-a883-4b0f6632abad,0.9019607843137255
175,1b68a12d-d82e-4ae7-bd06-c91dcad6018f,0.7402597402597403
176,1b84e9c7-d22b-4768-a688-974eb9364442,0.8602150537634409
177,1bf58e53-3791-4a65-a48a-963c4269b7d7,0.9829059829059829
178,1c30601e-1e74-43b5-8f61-1cf3e52c3100,1.0
179,1c967466-5002-495e-bc70-70a6079e227b,0.7708333333333334
180,1ced9379-f2f5-4f4e-8576-f2b06a370894,0.9690721649484536
181,1d306947-4e57-4ce5-b410-cd2702988d3a,1.0
182,1df2469e-67cb-4689-bc22-0d5085705c75,0.8666666666666667
183,1e2322c3-c411-4472-8dc6-9532bba69748,0.832
184,1e5c205b-1aa8-47d3-b6bd-b21a545c8546,0.9326923076923077
185,1e763b6f-dca1-436d-84cf-e6521101fa32,0.8411214953271028
186,1eac3fbf-59ad-4718-98ae-5e454faecdb7,0.8095238095238095
187,1f0c8762-872f-4aa0-8b5e-d88e44cb41f1,0.8837209302325582
188,1f21fa0d-0904-4589-a67f-fc64d6366ebd,1.0
189,1f7a08e3-08db-4ced-a194-8098d5b6c0e9,0.8981481481481481
190,1fb2a6ad-25dd-4dc6-85b1-a72d650ddc8f,0.7676767676767676
191,1fcd900a-4156-4508-9f05-2c947d28ae37,0.984
192,1fe2de1c-7038-445d-9803-9f3fccbce9cf,0.9560439560439561
193,1fec3e00-4711-4498-90ba-06ebfcaebb06,0.921875
194,2063d1d6-3f71-4183-9c86-eb8e854f60aa,0.8990825688073395
195,20865a93-a3a5-4643-8601-8698596771d9,0.9104477611940298
196,20cc7d41-c8c0-4555-85d3-5e59478151f0,0.8256880733944955
197,20d10d70-78b0-41fd-b71a-1b3230c6b8c1,0.8018018018018018
198,21005c29-f380-48d7-b735-d6a9ce4cff30,0.8536585365853658
199,21101588-c977-4364-b113-a823d32f8c25,0.9655172413793104
200,214f36fa-364f-4203-9c26-a27d7aca27af,0.94
201,2154c350-6e9d-4b74-ab0d-dd5b0f25c484,0.9344262295081968
202,215f00af-09bd-417e-bc99-e7b465d75c48,1.0
203,21656f01-8212-4e3e-a02a-e3a130524e10,0.9724770642201835
204,21797a9e-996c-40ef-87a4-42b30ad58665,1.0
205,218eb546-d484-428a-a8e9-976a1f8cd83b,0.8974358974358975
206,21aee73d-3624-4ffc-bd98-3596583b9f51,0.8035714285714286
207,21eeeca3-aa2e-4c29-82e6-0023691d8f43,0.9912280701754386
208,21efed84-25c8-4abd-8b1a-7e885873541a,0.75
209,224f947d-a903-421c-af35-bbfdf6fcdb39,0.9252336448598131
210,22695cb0-7a2a-4c05-8b2d-ffa8f93f4992,0.9921875
211,229b6a4c-fc9d-455c-aa19-f707593c8286,0.9021739130434783
212,22cd66f1-de65-4b0b-88a0-b5bbb8644622,0.7027027027027027
213,22e33953-89aa-48b2-8b1d-c3e33c3df42e,0.9405940594059405
214,22f760fb-dbd2-4073-8c15-502130262373,0.8706896551724138
215,231612f2-19a9-4bc6-b162-f334f7f07083,0.9
216,231b5c90-0f31-4fd0-b331-fa432f234100,0.8674698795180723
217,238380e5-80e6-4c4d-a244-d7c541d10453,0.97
218,23a3b96d-fe89-4a1f-a6a7-1fba8cabf1a1,0.967741935483871
219,23a5b964-b931-4868-9583-8ab52fa023d7,0.9797979797979798
220,23a6b8c0-bcda-4166-9d88-e2254b309b18,0.9924812030075187
221,23ab8a0a-5c50-4b69-bd18-b80bad6bab38,0.9927536231884058
222,23b33eae-a2f7-4c10-aa0f-96ffa9659d7d,0.926605504587156
223,23f04f04-ded5-400c-969d-0959c58f80b5,0.8676470588235294
224,24046348-cfbf-4f74-a853-1e55414a90bb,0.9405940594059405
225,2493a8a8-4339-4af0-9eb4-c8ee4e8c1ef5,0.9555555555555556
226,24bf6ca4-7bb5-453e-b939-943e0dae1adf,0.8467741935483871
227,24cf688d-35e1-4875-b4a1-010505bc4b14,0.9259259259259259
228,24daae69-1885-45cd-a7c7-805011a35c28,0.8780487804878049
229,251fe09c-d983-44b3-bd72-91bdab1579e0,0.8932038834951457
230,255adf21-a5ae-4598-8431-bf8eada11d7b,0.9270833333333334
231,2564ed01-005f-4ee5-a864-6c90c30f2823,0.8478260869565217
232,25732c69-215f-4a65-a73e-7aa7f2c81b9f,0.9285714285714286
233,2573d4e3-93ae-47bb-a019-ed82200bc0b6,0.908256880733945
234,25d4c52b-32cd-430c-b8d4-f8bef90c045b,0.9904761904761905
235,25e53a84-3da4-482f-a2ac-f8583d772736,0.9333333333333333
236,2600cf90-6093-4890-992a-aa38918157e7,1.0
237,26b86fcb-63f0-43de-b53b-c9a825ca1d62,0.7606837606837606
238,26ebdc31-7960-40d4-934f-9b453bc72daf,0.9642857142857143
239,27069bae-af99-4e64-bc21-1b10cb162189,0.7936507936507936
240,27281001-104e-4bee-95f6-cddd806159b1,0.8181818181818182
241,27cf3f8f-dfcc-4c7c-adeb-f7dd8b75683d,0.9133858267716536
242,28072333-a4fc-4009-8e2f-7de07742496c,0.9553571428571429
243,282a781d-064d-44eb-a830-577d76d752a6,0.9655172413793104
244,284cea61-de6e-4970-9111-593bad2d8caf,0.8191489361702128
245,287a999d-3605-490b-b5fd-2503d8b2ec7f,0.788235294117647
246,28a81048-f41b-440d-9198-043b01d91c0c,0.927536231884058
247,28b28034-851d-4829-a6b7-a0bc6d51ac5d,0.875
248,291be9bb-24f8-407b-818a-acc7afa18739,0.986013986013986
249,293658d3-4f89-4e22-82f4-48cfcf5bebaa,0.940677966101695
250,29439d1d-b154-470d-a7df-259f28730637,0.9690721649484536
251,2983ac93-2594-4935-b6a1-53634c1ea365,0.8125
252,298f27f7-a1a2-4f59-957c-bb44d83d395d,0.9626865671641791
253,29c6f2cd-bb39-4c7f-9584-f1222be588b7,0.8888888888888888
254,29cd08e9-fb40-4a95-a691-f2d041f5ad82,0.9682539682539683
255,29fe35b3-b316-4c11-bdac-39b8537ae72f,0.8793103448275862
256,2a05976b-ae2f-4295-8bec-e9733f4650e5,0.99
257,2a1d42fb-7948-40c0-b1f9-d3a92c72498f,0.9397590361445783
258,2a1d550d-bf07-40a3-9462-a696af0fa5c2,0.8782608695652174
259,2a82d376-c3aa-4b96-a0a6-2a67886b9967,0.872093023255814
260,2a8eafc0-6241-421b-9f17-0164879ae04b,0.788235294117647
261,2a9ca291-1451-48da-bdfb-71091fbbaf33,0.9696969696969697
262,2aa0b262-ba52-45a7-b547-06ee237edf9d,0.9639175257731959
263,2ac6c027-cab2-4d03-a1f3-a724a035c9eb,0.8706896551724138
264,2ad7083a-4f68-4163-8cfe-ddf27f7dc128,0.8888888888888888
265,2adf4ea8-5dd7-47d9-9689-13e41b7d05c1,0.8545454545454545
266,2afcf4b7-ea51-4a7b-a550-ac079f039725,0.8796296296296297
267,2b464171-45b5-4928-bfcd-39fa137bd624,1.0
268,2c051ff4-b3ca-4535-b8f6-cf7025412c00,0.8804347826086957
269,2c3174ab-67ed-4757-8aa1-b0154976e8af,0.8955223880597015
270,2c4a8362-e4a4-44e7-9b82-fb954de52c71,0.9418604651162791
271,2c4f2b9d-ca1f-4f62-a08e-a9b2a459f246,1.0
272,2c58f39a-41a4-4e88-b802-1ed56af61b7b,0.9607843137254902
273,2c807a5e-4993-4dc1-801b-dc3dd9a24f1a,0.9423076923076923
274,2d1263cd-2bfc-4d05-9f40-c771d8ab4819,0.9247311827956989
275,2d1e0a0e-35bc-413f-86fe-f35a186fef3a,0.9306930693069307
276,2d3a04e4-7757-4706-977f-45e6a987688c,0.8695652173913043
277,2d5ac3d5-620b-4d6a-9d55-d6e8023900a6,0.9769230769230769
278,2d5bb3d0-d521-4ef7-a1c8-711cc7005a94,0.9900990099009901
279,2d77d2a1-b1b6-4734-8814-a1b79d3044ee,0.8679245283018868
280,2da3f063-aea0-4952-bb79-160a5b439693,0.7692307692307693
281,2dfa7d93-e404-49ed-8806-72e0e1fe7fd2,0.8705882352941177
282,2e0c703c-5691-45b8-8949-d68b22305abd,0.9444444444444444
283,2e56b1e8-7d64-4a96-8a15-1ab05a500864,1.0
284,2e7a03e7-3004-4fbe-8d1e-6edf6e3bd848,0.9494949494949495
285,2e9ae01f-23d0-4ff7-a15d-4a7d5363dbc0,1.0
286,2ea650b4-12dd-4f71-9ffe-4cde2e8758e9,0.7927927927927928
287,2eb0a2ff-c0d1-4c83-88d3-12555a97e742,0.9555555555555556
288,2f1f8a43-6787-4ce4-a864-6cc722d906eb,0.8571428571428571
289,2f34942e-1b79-4211-b035-df43d5705b16,0.9174311926605505
290,2f4a746a-c084-48f2-a723-6e4b996901bc,0.956989247311828
291,2fc416b1-2d11-467d-8ad0-087261a38a79,0.9813084112149533
292,2fe0565a-662a-42af-b980-269b287e0bb6,0.9421487603305785
293,2ff7873e-31fa-411f-9bdb-92f7f993e19e,0.8518518518518519
294,3026b55f-ab26-4642-984a-54e6c5205644,0.703125
295,305f3b06-3119-4010-ba1b-26b9617e4b32,0.7926829268292683
296,3093c5f3-2560-4a20-99e2-70b2ee4db3f9,0.8905109489051095
297,30b3f749-1702-43d2-a5e6-b6b460c5bf77,1.0
298,31060bde-09a4-4d04-ac41-c5b8be8480a0,0.8611111111111112
299,3169fe80-80d2-499f-abad-c87c6b0308e5,0.9310344827586207
300,31726784-0de4-42f6-ac85-68d7406a8b82,0.94
301,317d59a6-f74f-418a-9aac-b2fd0f0bd863,0.9787234042553191
302,3191fc4f-980e-4693-b38c-1bf9d10619c6,0.8414634146341463
303,31ed5149-d2e7-47f4-bbb7-b16197512ef0,0.9099099099099099
304,31f8d15a-3be2-466a-bf8a-f7322caecf8b,0.7441860465116279
305,3230e787-2594-4c64-ae5d-bd8477dc331b,0.9622641509433962
306,3234015f-1743-4b22-bc60-ff5ac77dfc46,0.9338235294117647
307,323adf74-d1e9-4efa-9161-6dbaca0e306a,0.9181818181818182
308,3274328b-721c-4794-b695-4f44754f7aea,0.898876404494382
309,32c6f98a-26f4-4dd1-af5d-ff011004b7bc,0.989247311827957
310,33059ff9-55ba-477f-89b4-849059e741cf,0.9805825242718447
311,330e13a0-851f-4aa1-9a26-6b0d6c0488e8,0.9696969696969697
312,335134da-832c-4119-b453-31538e3a013d,0.9908256880733946
313,336d4219-498c-4ffe-a914-9c636563a9a1,0.7931034482758621
314,3387d072-70ef-47b4-96b3-29b7440314f7,0.9611650485436893
315,33bcc55c-c8ed-47e1-bc9f-257dc0f4edca,0.8482142857142857
316,33faa661-d24d-423b-a92b-15a1edd3bb64,1.0
317,344a4d1c-6c83-4cd2-8f47-756d11beff4c,0.8712871287128713
318,34893612-bb87-4069-b17d-f9c5139c032b,1.0
319,35432638-d42f-447f-babe-575061eab3fa,0.9432624113475178
320,356d914e-1127-4499-a0f8-e452546abe99,0.6829268292682927
321,356dad1b-b845-4ee1-82f4-49e0c1f4a543,0.8
322,35774b3e-5222-4be7-8cf1-af2e0ef93051,0.9745222929936306
323,35a400ac-3107-44b1-b7fe-c415db623b24,0.8918918918918919
324,35a78ee4-f99e-4914-a38c-fea25a3e1e8d,0.8807339449541285
325,35cdb8d6-6bf3-4f32-8cf0-d3dedae35b14,0.8472222222222222
326,35dccc14-4adf-48d2-a8d1-5fe4866af648,0.9418604651162791
327,360facde-9256-40f5-beed-686903e6f5d0,0.9759036144578314
328,36101564-df78-4dfd-91c9-bbfc8384235a,0.7375
329,3630249b-12f5-4af5-aa83-5a98fdb1b59e,0.9926470588235294
330,368f6889-ce9b-4570-ab0a-44a0c92d9ebe,1.0
331,37551829-f539-41c5-96a6-78867a24bd07,0.9375
332,376ae78d-3c1f-488d-9dd7-4f78d7632dff,0.9565217391304348
333,3798d448-62db-4751-8039-90aefa6a23cf,0.7708333333333334
334,37b3e5d2-67b0-44a2-ac3e-39e261a710fa,0.8985507246376812
335,37c3efb9-1657-40e5-959f-6cf0a6cfef3d,0.8629032258064516
336,37e672ff-f3da-45d9-a2d8-76c2239cbfe3,0.8375
337,380117b1-2145-4f11-b6d8-eef5b15c1986,0.74
338,382fd229-5f50-4c88-b556-9f78d50b3f57,0.8442622950819673
339,384b4f1b-1049-493f-92ed-c2f903eda396,0.8021978021978022
340,3866ee18-686e-469e-9de3-f99915fa26fa,0.9937106918238994
341,3869fada-5870-4ec8-9fbe-3015952e5a2e,0.845360824742268
342,3888ead0-5710-4c7c-92fb-9aac1eb76b10,0.9924812030075187
343,38c3ea4b-c54d-4f2e-9f06-a8d163dc15b8,0.726027397260274
344,38d7da63-dbd3-43b3-ba2a-6ce1a1bbaf0d,0.9285714285714286
345,3972bc13-423f-4782-b214-3b4bcecbc042,0.8977272727272727
346,3972f60c-098c-477c-98ed-50e32b6ba5e9,0.8352941176470589
347,397c5ee1-238a-49a8-8a4a-ab2e6a0417f2,0.735632183908046
348,3987df39-5e16-4a13-af20-33f63ae5da42,0.7625
349,39941874-de60-4e3e-bf83-2980a00d41d1,0.8461538461538461
350,399693ad-77aa-470e-a43a-11c76ef0094c,0.9523809523809523
351,39a2e323-3470-4152-8cd9-0036a19f1d07,0.9552238805970149
352,39c7f605-d078-4bce-9c72-dcc220a52df1,1.0
353,39c864fa-8296-446d-8cba-6413611dda20,0.9789473684210527
354,3a1fd6c4-e3ba-4070-8402-7dba2e5a1ec4,0.8658536585365854
355,3a33533a-cf4d-45c1-9e52-e03b07f0eb31,0.9649122807017544
356,3a401757-0816-4a04-aa92-116249e8e95c,0.967741935483871
357,3a6f3d9b-5003-4414-a06d-987feacbebbc,0.6901408450704225
358,3a924337-ecab-4d7a-a756-e9cf9270e909,0.8872180451127819
359,3aa472a2-9b28-4115-b9e8-7660470c7adf,0.7747747747747747
360,3b58aa3a-302d-483f-9879-49342c4dd5d4,0.9152542372881356
361,3b59a03e-6d00-4c32-aa4a-47c23a232a2e,0.8941176470588236
362,3b6355a8-5ba1-4c1f-82be-adf1fc46c0e3,0.8256880733944955
363,3bc6ae72-f4fb-4540-a47d-4646e2c84129,0.9210526315789473
364,3bd72c94-2932-436b-abf8-ed805d5540fc,0.9
365,3bec279f-e85f-4c3d-b587-9fb4e2f8666e,0.978494623655914
366,3befe897-d8ba-4240-b994-d39dbb6aaf10,0.9279279279279279
367,3c1325b6-4a94-4977-a4c1-f7015083c93f,0.8703703703703703
368,3c18a29b-e19b-4fec-9b16-214916b176f5,0.9680851063829787
369,3c1f853e-589c-4576-ae5a-21c9a39cb0fe,0.9545454545454546
370,3c3c971a-29e0-45ad-ac84-b6a455bb1b9a,0.8333333333333334
371,3c896e66-87e5-4ce6-8384-9788852d9d65,0.90625
372,3ca8c576-6b31-4a12-a38b-5b421fff19ff,0.9935897435897436
373,3d0d394f-63d5-4189-ba12-35dc297c53d3,0.984375
374,3d0f94b7-2cd7-4e45-a08c-6ab9b76a0f0d,0.9222222222222223
375,3d6cc28e-ee26-4dfc-9e11-8dd4de9ac2de,0.8571428571428571
376,3d93ff3e-29b6-492c-b204-defad2a95e6d,0.9745762711864406
377,3d94531b-88b1-4c65-a31e-a657345b0ac0,0.8461538461538461
378,3daa2b45-ceb7-4515-adbb-446bc2ea5484,1.0
379,3de33683-880a-436f-b86a-57ec8cbe9544,0.8596491228070176
380,3de7be9e-dced-454f-9ff2-e4907684a019,0.9509803921568627
381,3e2c2afe-c706-49c6-96b9-8fd4c7d90ab4,0.9431818181818182
382,3e5ee1f7-4377-41a4-aef3-0c876b7ea917,0.8202247191011236
383,3eb0fe40-d97d-4f7a-966d-62483111b9fd,0.9921259842519685
384,3eb3b3ab-6eb1-49fa-aa08-c49731a728e5,0.9411764705882353
385,3ec35ecb-a0e9-4274-bed6-81bddee6ffaa,0.9264705882352942
386,3ed1cc05-d095-4c3a-96ed-200b9d8fe9c3,0.9217391304347826
387,3f015697-ed2c-402c-bf7e-0ad0d3f96331,0.9808917197452229
388,3f023640-7184-4a83-8a8f-e95a7e1939bd,0.803921568627451
389,3f45d34a-a2a1-4138-bc02-52538d236a16,0.9595959595959596
390,3fb56e30-b43f-4a67-bda7-209cddb0d7b0,0.9404761904761905
391,3fdde7b5-1796-4db8-bc93-638d5c5ff2fb,0.8709677419354839
392,3ff37a4b-aba7-4c4a-aa4c-31918d93cf24,0.963302752293578
393,3ff60f63-0f61-4dee-8f31-21027abf7664,0.9459459459459459
394,400b54d0-92ed-42fe-bf2b-daf440fc2d3e,0.8979591836734694
395,40304119-cc1f-44c1-a79e-77dfd0cff2b2,1.0
396,4124a1a1-733e-4681-9a21-4cdd96404abe,0.8494623655913979
397,415a0018-acf9-453b-a3be-5c6817239449,0.8901098901098901
398,416610cf-9fe1-4343-8817-0ab7410cb3f4,0.7878787878787878
399,41752b27-a744-4a99-951c-4c043c6a1550,0.7638888888888888
400,418983cd-f653-4235-bf85-774393023cae,0.7444444444444445
401,41e1e1df-0192-46da-a175-36977e5db33d,0.8131868131868132
402,41ee2a4d-ff92-4e1b-b0d4-9a5875f1a227,0.8709677419354839
403,41f92a44-5133-4c0f-ba1d-aba25f035be3,0.8405797101449275
404,423399a7-ce2e-41e8-a760-1ba14eaf93e4,0.8969072164948454
405,423b7c4a-2a02-40ec-8118-82a8a65f803c,0.8715596330275229
406,423b83ff-e170-45ea-9c43-cef342b9bd8e,0.8
407,42adf859-f7a0-41da-8da9-22d529924e72,0.9789473684210527
408,430677a3-c5cf-4dd2-b0d1-1e0686debe10,1.0
409,431cd161-de7b-45a0-9d6c-7438029ccf8c,0.9456521739130435
410,4359f7fc-db2a-4ded-aa21-39875369f3f5,0.8888888888888888
411,435a9c61-235e-4363-a120-3a2e9799e1d4,0.8192771084337349
412,43946f74-1399-4768-854d-3f61c2353862,0.8879310344827587
413,4397c416-b90d-4c6a-b6ad-75d51a04a2cf,0.6285714285714286
414,43be1bfe-e23d-462a-acde-c955edce0997,0.9719626168224299
415,44162f3c-a72a-486b-ac5c-f1ebd8f87b6d,0.8679245283018868
416,44530cc7-afdc-482c-b8a0-2f1f7ebdaa06,0.6744186046511628
417,44773a80-3a6a-4c79-b8f9-4768c3a2bb7d,0.8736842105263158
418,44a1f76e-9c49-4ef1-ab7c-e4d9e2ed51cc,0.6538461538461539
419,44b148ef-ec0c-4f6f-a375-c97843ff9ca1,0.7889908256880734
420,44be67d8-7b7a-4afe-8586-1d5400866f83,0.8629032258064516
421,44c97527-87e9-4bbc-8c7a-5f100fc2c503,0.9605263157894737
422,453c95ef-cf27-414d-84a4-909939dfd13e,0.956989247311828
423,4582658b-b29d-4e63-bb7b-600ff996a3a9,0.8529411764705882
424,45eceaee-09d8-4f8b-838a-ee6c94158505,0.98989898989899
425,463aa2b6-9a94-4a66-806b-89c053651b54,0.9811320754716981
426,46419fec-d312-44a6-b28c-878bbec3d299,0.7380952380952381
427,46475168-88cf-4a2b-91fd-e2980999187d,0.9425287356321839
428,46532f7d-fa77-482b-98eb-319a91c9aa93,1.0
429,466f1aac-db76-4a6c-b677-41a0ea7887a2,0.9243697478991597
430,4695264a-fcfd-4dca-b9f9-cbdc2d347c35,1.0
431,46a8b2de-9093-4e06-9b5c-fa1f861e18b7,0.9242424242424242
432,46bc092e-3ae5-4573-8404-9298bcf688fa,0.9863013698630136
433,46ee585b-b19d-4bb0-9e0f-acad3ecd7d68,0.9879518072289156
434,47367926-8400-43a7-a286-09ea32c97604,0.8660714285714286
435,477fccbc-e9a7-4168-9f46-b4d458a852e6,0.6666666666666666
436,47ba429b-a366-4bba-a206-eb4f6bc642a6,0.8540145985401459
437,481f0f28-c1c9-4c39-abdd-9cb509499155,0.9915966386554622
438,484834a0-8104-4f9a-bc1a-d26d9b99f3ab,0.8539325842696629
439,485090ff-8370-4440-b9c7-09dda313f491,0.8738738738738738
440,48cb92f8-e825-4282-817e-3c6a7cbdcda5,0.9052631578947369
441,48cee0d7-5039-48f4-9bfe-9beb47ec01a2,1.0
442,49390508-234f-4d1b-9dbc-d01b7eaf4dd9,0.9736842105263158
443,49a4b998-ccd8-4cd6-a7ce-1fbda396c31b,0.9847328244274809
444,49aa6cf4-951c-4132-9fb3-d0bce6b4f6d3,0.9285714285714286
445,4a0dd768-092f-496b-b6cd-8db3cc7b17a6,0.905982905982906
446,4a41a4fa-5c7a-4419-bc65-85b4e884b09f,0.9134615384615384
447,4ab0cd74-e6b4-48dd-a9ad-0b89644d5528,1.0
448,4ac2d218-ba3e-4929-97d0-13b8db8ddfff,0.8172043010752689
449,4adb449a-308e-496c-9dcd-8847532dbf45,0.9263157894736842
450,4b156d36-706c-4f3f-817b-2cf08adc450f,1.0
451,4b6e970a-e422-4fd9-88fb-daea47792324,0.9438202247191011
452,4bb67a74-7e2e-4259-8048-4a8383b1b642,0.8738738738738738
453,4c4b7722-5a56-4aaa-aa90-05454ff3ca84,0.8493150684931506
454,4cef0865-fa2c-4c24-9d4b-d3c16d86bcf4,0.8859649122807017
455,4cf503b9-19be-4896-9c35-6c5946971e2c,0.9253731343283582
456,4cfdc034-2417-4f87-bae7-612a0714d3a7,0.9280575539568345
457,4d371df2-c6f4-42c1-bf02-bb770899b50e,0.8282828282828283
458,4d702d86-fa68-43cf-ba54-d6c5ba1fb7ea,0.9908256880733946
459,4dc8b7d5-66c1-421b-af98-d00ef403ad26,0.9401709401709402
460,4e2fc188-2aa4-403f-bf28-935ead1c59e7,0.9051724137931034
461,4e64b85b-6252-4f72-85ac-be3e9dc6d7aa,0.9333333333333333
462,4e7b5de8-0a28-4aa4-ac74-eebf5db538df,0.8782608695652174
463,4e86f419-1e40-4e14-9e37-103abb7874d5,0.983739837398374
464,4eb376bb-2880-4f01-a30a-5c5d9d944efe,0.926605504587156
465,4eb3c39e-ad1e-4f69-86dd-a5ddf3114759,1.0
466,4f268ada-075b-44b7-ab49-9c23e4991f03,1.0
467,4f5f5eaf-09c6-4bae-8ddb-d108923c3776,0.9174311926605505
468,4f6772d6-4b10-4de6-90b2-9e90695c7dd5,0.8226950354609929
469,4f8bf0fa-ba9e-4958-8970-44bdf3c8beac,0.9405940594059405
470,4fab04ed-195a-49ff-a1cd-03149c868c41,0.8082191780821918
471,4fb28504-3bd8-4449-9c8b-49dce3982886,0.8805970149253731
472,4fc0b478-f7b3-4e9d-81ab-f453f80d6c41,0.859375
473,4fcc272f-5445-4ab9-a0b5-87fa10b3dc6f,0.9186046511627907
474,4ff331a3-3485-4977-8112-4c4cb6edb2da,0.9785714285714285
475,5027f4a5-32ef-447f-b9b1-9596bbaa533e,0.9606299212598425
476,5054dae0-158f-40f8-afb6-34cffa91359e,0.8505747126436781
477,507f3fd6-d10a-4561-a968-23dbd06dd191,0.8955223880597015
478,509ca1c5-8a88-4ba1-9810-69c2c1d9638f,0.8416666666666667
479,50a99291-573a-496b-a6b4-1771bd5798a4,0.8823529411764706
480,50b50ba1-f9f5-4b72-987a-2631f5b58599,1.0
481,50db1273-2a8c-48e5-9a2f-8c9760bfa02d,0.9318181818181818
482,50e64e3d-2445-4282-bd54-a292929bf86d,0.9032258064516129
483,5102b8b4-1101-4a42-ba8a-859fcfd0b321,0.9923076923076923
484,5122dac2-7fbe-4978-a439-7add4b1b7d88,0.9805825242718447
485,51385fa2-49e9-42cf-8cdc-8d42409fe1fe,0.8983050847457628
486,5181982c-f040-4297-90d2-a3f84df9f372,0.8947368421052632
487,519177ca-8d56-4f91-be0b-0e81e1518afa,0.9278350515463918
488,51a0f7f3-9299-436d-9761-ce93a51a4d82,0.9453125
489,521ddeb8-f7d6-484d-8848-0ab71d5fbc84,0.9603960396039604
490,5234dcae-3b41-4099-9f16-ba1229b0f9b1,0.9024390243902439
491,5253062c-c8e9-43bb-8346-b5c46420bdf2,1.0
492,52722c34-4a78-49cb-80e6-335d49ead31e,0.8828828828828829
493,52b1379c-ea4a-47bf-ae2d-615176a0c3c2,0.9247311827956989
494,52b84528-7bac-4d66-a18f-a90d3bfcecd8,0.9327731092436975
495,53026fe1-3db9-4514-bf33-a9f377834230,0.9306930693069307
496,530d4e18-f0c2-4331-aee5-8ab5bf8916d6,0.9846153846153847
497,5345c47f-b377-40af-8760-c50b97330f0e,0.8571428571428571
498,537a64dd-9da7-4959-908f-cb11c8593249,0.8811881188118812
499,53c2502d-97cc-4edc-bb76-82fa4c00fa4a,0.8782608695652174
500,53eb4e82-9180-490a-99d1-092ac5927ab2,0.847457627118644
501,54087bf9-87ce-4191-baf8-29193f04e76b,0.7866666666666666
502,54239673-f43e-44d7-99f0-cbb0d1d5e522,0.990909090909091
503,5454a78f-8dd4-432f-92ac-a1700c5fd53c,0.9166666666666666
504,5461d1e8-28a2-4e39-85c3-939fbc56c1fc,0.8721804511278195
505,552216ca-098c-4135-8480-f38d08d8e752,0.9222222222222223
506,552b5fc3-9651-4918-994d-5390d1ba1042,0.9361702127659575
507,55348e39-6453-41a4-a228-5d9cfad025c9,0.8981481481481481
508,557bb2d1-7adc-49c2-ba36-9465d0ec30c5,0.8131868131868132
509,557cf0d6-b0b1-4fde-b536-b990692a88b2,0.8913043478260869
510,55c9c859-ff25-4d17-8ab8-6369ac0a18d8,0.8773584905660378
511,55e6d172-172f-4f50-a406-5ab979f25d23,0.7472527472527473
512,55f2a8a1-cee9-4120-a98e-9cb58afa46e9,0.95
513,5603125d-25a9-4015-b89d-4991411ff062,1.0
514,5613e5c5-47e9-4458-96f2-4a0f7b2f69fd,0.8660714285714286
515,562468b5-0483-4f98-b340-56db3b8a9035,0.9
516,56701cf8-353d-46d0-ad4b-6f6e9c0ffbc1,0.9708029197080292
517,569aedce-b9f5-4b6f-b56b-575d5a202205,0.9382716049382716
518,56ad309d-5d12-456d-b1c5-57adc3fe1c22,0.9620253164556962
519,56bc8795-93e4-4869-91e7-15e51e93323c,0.8866666666666667
520,56bf1fbf-4b92-4ed8-9ce0-6323bd7170c7,0.9534883720930233
521,56d39653-5ba9-4bf7-939f-c3efe8eaf0e6,0.8712871287128713
522,56d8057a-3587-48c2-b004-de127a55fb46,0.984
523,56d8ffd5-6b3e-476c-bf9e-335c8258966a,0.9802631578947368
524,572efe60-7a17-4ac3-893e-be45b911147f,0.9603960396039604
525,575204e9-5c0c-419e-85ae-3df750f03ee9,0.9591836734693877
526,57673d88-cf20-4001-b0e9-543ebf38d37f,0.9763779527559056
527,576d2789-d7d1-4e90-a6af-1dca240b9d25,0.9425287356321839
528,5781c461-d516-4ce9-bbc7-6e055099ec2a,0.9325842696629213
529,5783b32f-02b3-4af4-96dd-789327786c0c,0.9712230215827338
530,578b5804-4f57-4fc9-860c-60dbc9f76010,0.9869281045751634
531,57969254-b2bb-481f-8f0f-e50962cc5f75,0.5686274509803921
532,57db7299-67fd-41ae-bb0e-217066b6cdba,0.9791666666666666
533,57ddbabf-bd1c-4dd3-a871-1a8b703f0a8c,0.9295774647887324
534,57ec2133-feac-4748-bfe8-d314e4ec8c4f,0.85
535,580b2f54-f7b2-40fc-a826-831cf832e864,0.782051282051282
536,58194b42-ca73-4735-8869-3d6b884ad0e3,0.8672566371681416
537,5892dee7-9504-4256-9475-f78c47ac71a3,0.8829787234042553
538,58abde4d-1aae-4f74-99d1-8f014ca50214,0.8450704225352113
539,58c743f4-21e0-46ce-a42c-738dbaad230b,0.8904109589041096
540,58c8c261-4d19-40b0-a9f1-90d46081f403,0.9090909090909091
541,5907e699-f09f-4f88-b67e-3a4f1f3fe753,0.9655172413793104
542,5909c220-589c-4367-8a52-2671e1de0c99,0.8305084745762712
543,594a4f9f-818f-4534-ac85-33311a9ed7a1,0.8888888888888888
544,5966d06d-981e-4758-aa46-ae87ce9f2bd3,0.8586956521739131
545,5987aeab-201d-401b-83a6-3643366f9d52,0.9534883720930233
546,598beaf5-12c4-4823-bcfa-a980e5d28af7,0.9135802469135802
547,59b0f334-f489-422f-b07d-e400250e8013,0.9097744360902256
548,59f09f74-7035-4cf7-874c-5dedffbbb0e3,0.8359375
549,5a587804-f92b-434b-92da-15cb30bb860a,0.7530864197530864
550,5a611026-504a-4726-9468-45b1d12fd1ca,0.8151260504201681
551,5a9d0bb9-9fce-48fa-a0dd-3fbce4ee0a39,0.9789473684210527
552,5a9eaa91-a284-455f-92d0-72b548df4496,0.9928057553956835
553,5ab25be1-4b10-4079-87af-0d9b955c0849,0.97
554,5b204d0e-d71e-4391-b85f-5a3a72959a8b,1.0
555,5b2548b0-5283-49de-934c-f84f3931d29f,0.8958333333333334
556,5b62b7d7-1337-4de3-812c-00341a826ee9,1.0
557,5b9fa5e9-6bbb-4274-bf22-48006b2749b5,0.8705882352941177
558,5bd0639c-9daa-4fd5-adc3-914b96aa3ce2,0.7777777777777778
559,5c02cb23-c513-45d5-9cdb-0c454f9abfef,0.8172043010752689
560,5c1e0901-534b-4972-9345-e0d2d5af7371,0.8981481481481481
561,5c478a5d-df98-4065-9209-0f0cc2a73054,0.9657534246575342
562,5c70c527-3082-432e-b758-fa010361531c,0.8916666666666667
563,5c7af392-82cf-4499-a3dd-b78d5f3ae3a1,1.0
564,5c99e9b4-74fa-4507-b21e-dacb1685aba0,0.851063829787234
565,5c9ed5e9-1e77-4700-9fd6-bbf014505c43,0.7647058823529411
566,5d35fd32-d82a-4bb0-8d80-e98c230af08e,0.8461538461538461
567,5d38d9e1-8093-403e-afc4-4147f01ae1ca,0.96875
568,5d544c1c-a6b2-449f-a90f-df44b2e264c7,0.8409090909090909
569,5d744a86-553d-46d3-98e6-ba38bac1c817,0.6296296296296297
570,5da6f15e-75f9-4cb5-83b9-c5d81af80558,0.7876106194690266
571,5de2b0d3-f669-40fe-8b7d-5ae27a2eacb5,0.9318181818181818
572,5dfab104-c9fe-409b-bd06-99a3b5af39f8,0.9896907216494846
573,5e425e1a-b1f7-47d4-b95f-5fef422bf507,0.9586776859504132
574,5e50139a-967c-44d0-a11c-f73d0e914d01,0.87
575,5e8282b6-8568-41e6-bbb1-8cade6855acd,0.9
576,5ecf8656-1b76-4a75-9004-b6e0112fb197,0.8888888888888888
577,5ef4344e-47f8-41ae-9a71-31b41afa257d,0.9326923076923077
578,5efe6182-9ff5-40eb-a599-bda775c1b95c,0.7333333333333333
579,5f27e205-8314-45a2-a999-37a5ffebc763,0.9896907216494846
580,5f92fecc-8fa7-4170-bb55-8363ae75b074,0.965034965034965
581,5fb99589-91d0-4f9a-a39a-6958ee82deda,0.9178082191780822
582,5ffa96bc-fb04-4f22-9ede-b90d098caf22,0.8584070796460177
583,6031160f-c334-46db-af9b-bf02ce8f0670,0.8421052631578947
584,606435a8-b16c-4101-81c2-9f768739cd3a,0.8021978021978022
585,60644e56-f356-4804-be7f-45efd99e7cfc,0.9714285714285714
586,608399de-79ff-4e6a-804d-e3608a9b655d,0.8588235294117647
587,6094772b-6bf5-4230-a05a-8b088b59aa9b,0.9789473684210527
588,6099a92a-55b3-4775-b9c2-bb49fef77632,0.9185185185185185
589,61059b70-ba73-4765-bc63-d733ff19061e,0.9270833333333334
590,610feda7-1ec5-43ed-88d0-72971a46207e,0.9278350515463918
591,6159963c-f31a-44d9-88df-5ed269b16273,0.9846153846153847
592,61735747-4b68-49e6-8d66-2dd881623687,0.9433962264150944
593,61881e50-a3dc-4596-99fe-d398f8664900,0.944954128440367
594,61deb927-f9bb-483d-a052-dfbeb302f4ea,0.9304347826086956
595,61fe1278-f041-4856-8bb6-6f029db69e98,0.952054794520548
596,62224dbb-6426-41a0-8f54-a64c287d3b97,0.96875
597,62818711-986f-4a4e-bf72-36f0f0135b36,0.8476190476190476
598,630524b4-d144-4e00-9d4f-055b1ff8a589,0.8620689655172413
599,6306c7a4-253f-4a87-aafa-1b3bcc1f6912,0.9920634920634921
600,63127efb-28f5-4938-9719-3619ab3550ea,0.7089552238805971
601,63a96a7b-c92a-40e6-923a-7b52f06b16d7,0.8507462686567164
602,641333e7-4a6f-448c-b4c0-702cc513e1eb,0.8807947019867549
603,642531eb-4c70-42ca-8d1e-fa20e579617c,0.9793103448275862
604,6426874a-f630-4d58-858b-eb0a04ed979c,0.8518518518518519
605,64305fff-d6c4-484d-a1c3-d66543281c83,0.9340659340659341
606,643d21f4-841c-454e-9bdc-9130edc92aac,1.0
607,6478cadb-748d-4f9f-ad07-099ec176263a,0.8526315789473684
608,647e5a61-96d4-493a-b833-b83e5c3a4b0c,0.9626168224299065
609,648c604b-cade-4c35-bcf8-d47ce5786c3e,0.8690476190476191
610,64af8a17-abb0-4a84-8d0f-eb708c2177e6,1.0
611,64f29d4f-54e3-4ea4-a30d-f0aa60e40149,0.5555555555555556
612,6501dd25-dd55-4d80-aa13-b09ff31bff84,0.974025974025974
613,65498c13-c280-44ce-9dff-6e8e52f4aea0,0.8297872340425532
614,6568780d-0f8b-441a-bb38-282b23b15905,0.8636363636363636
615,65726f96-84d6-4369-b549-82640cdab001,0.9325842696629213
616,65875c12-6a55-44ab-bc7d-0410c6f306c5,0.7017543859649122
617,65f3fbff-826f-43c7-ada9-d77e9e427efa,0.7450980392156863
618,6601ca4c-0544-4b64-abb4-57e09f7a6632,0.9911504424778761
619,66431464-37b0-4f1e-a8a9-70be9a7b2298,0.7833333333333333
620,66492bbe-54eb-43ad-b5a5-36a5c924fb29,0.891566265060241
621,66747bce-0f30-47d2-b9c4-9687a7f40be8,0.8125
622,66754b12-7627-4b0f-b571-88023eb86f82,0.9065420560747663
623,66df06d0-cdc1-4e67-abb3-1954d65e66bb,0.7727272727272727
624,66eb825e-1766-40ba-911d-26c782204f5b,0.8765432098765432
625,67136c6d-6083-43a3-8e61-ed154c0acd51,0.7719298245614035
626,673652e2-16d3-4d1c-b489-97be68fb2c1c,0.9583333333333334
627,6736d716-df27-49ed-b2bd-e2d6d4af66e8,0.989247311827957
628,675480cf-d2fe-4184-b458-2efc1bf60d8d,0.8850574712643678
629,67a1ece6-613e-4a52-9c7f-e6b9423bba15,0.9
630,67a55c24-35ef-4c26-8752-dfd2f53ef06d,0.6181818181818182
631,67d2f485-a611-4fce-ae15-59bb5307b244,0.9504132231404959
632,67f0f00c-2682-4bd8-b63a-da8a75e1a1e9,0.90625
633,67fb4baf-135b-4f51-83df-d7fe18e190f8,0.98
634,68403de7-c9ce-4149-896b-f5d4af173198,0.8068181818181818
635,6841f916-e8eb-40a8-ad96-486f030ebb96,0.9702970297029703
636,685fe90a-62be-4337-ad0a-69a1adc07633,0.943089430894309
637,68653272-1b3a-4a32-943f-71bdd64311d7,0.9
638,68a99ec7-f732-436a-9ba5-05bee742d802,0.9774436090225563
639,68e40b83-536d-4f4d-8d38-64e603c31d7e,0.9176470588235294
640,6973621a-75db-4242-b8dd-c8538e1cbec3,0.9696969696969697
641,69922346-1187-4eaf-81ae-f519e6596d88,0.8888888888888888
642,699dda78-65bf-4237-9000-7511f32f7282,0.8089887640449438
643,69b60aa5-637d-4533-b8b8-05cddff302eb,0.8181818181818182
644,6a173ba6-445c-4e0d-a6bf-b57aae34cbab,1.0
645,6a5b56da-c193-4e1b-b0e8-b2e724dc9cce,0.9014084507042254
646,6a7737e0-be7d-4f3e-baff-e733f5f53560,0.9482758620689655
647,6abd41e9-25df-4dc0-9952-44be19139a98,0.9798657718120806
648,6abe8a18-ea5c-4db6-90ae-1d6fe79f38c2,0.8559322033898306
649,6ad3ccb6-c7c7-4971-88c2-a2f6bd1aeb42,0.9481481481481482
650,6ae56dcc-9d88-4bcd-9a7e-1a0677f21309,0.8548387096774194
651,6af1be5a-078e-4b9f-a9b9-2dad7eaef121,1.0
652,6b29ddbd-4f09-4d3a-a5db-8ef0c1481d43,1.0
653,6b557713-372b-4a87-8feb-529f25002476,0.8333333333333334
654,6bf385ad-20a1-4ebe-b188-e1f2acf9de03,1.0
655,6c09c893-67da-4367-945b-90e3d5898ab3,0.9795918367346939
656,6c598bb7-50d0-4c93-a15f-2af872328df9,0.8736842105263158
657,6c847c31-f4dc-4053-899d-b8439cfe9148,0.7340425531914894
658,6cfb77ae-965e-4ab1-aa44-0b1f00cad8e6,0.9803921568627451
659,6d2fdb7f-768f-42e3-96ae-b58cbaa5022c,0.9607843137254902
660,6d594d14-acdb-4cab-a29c-2d14277a7955,0.9629629629629629
661,6d854e4d-ab60-4c95-ac4a-c37b60ac2f1f,0.8699186991869918
662,6db53adc-88ba-4036-b2c6-524e5bb0a52c,0.865979381443299
663,6e17ee7b-b49b-4d95-aadd-959a8344dc02,0.7361111111111112
664,6e463aa2-a1b5-4d0f-be7e-8f36dcd5d4f9,0.9420289855072463
665,6e4f2ece-bd38-4313-9e53-bdae258ef0ca,0.9245283018867925
666,6e53b712-47b8-46c9-8411-8abfa91f3149,0.9626168224299065
667,6e841736-055f-4858-8336-d925f491164a,0.8842975206611571
668,6eb8fac7-4199-4d14-a285-8fa904b95f66,0.9069767441860465
669,6ecfb528-7743-4659-a001-9414a920e6d5,0.9574468085106383
670,6efd2370-ff26-444e-9c5e-6f0415243d71,0.9675324675324676
671,6f46d7e3-56fe-4b95-8747-d62b29db4c90,0.7475728155339806
672,6fad961f-78f1-4bc3-ae9b-3f7c76e7ef9b,0.989247311827957
673,6fc9c965-0939-44ee-b05a-a8d5820cd22e,0.9739130434782609
674,7033da75-4ed0-4d1d-b940-f6d1621992ae,0.7916666666666666
675,7097370b-1375-4f4a-96bf-9c160c8a79cf,0.8256880733944955
676,70ae0fc8-0fc0-4cb0-8401-445834242c25,0.8589743589743589
677,70db30d2-218a-40fa-a532-921b899a9c92,0.9855072463768116
678,70e7190a-abb3-4ee7-814a-3137d917271b,0.8767123287671232
679,71382e40-4d5b-44cd-af07-09e7813ca90a,0.963855421686747
680,716a1d1c-5088-4ca6-b43b-3b631bd16210,0.9272727272727272
681,71808748-0486-4116-9813-ebc9030f9f57,0.9398496240601504
682,71a3a577-9956-4520-b95b-c8941743f2cb,0.9504950495049505
683,72297ada-20fc-4886-aaa5-b76f38b94a07,1.0
684,724fab2b-dbdf-4c1f-a921-827d443e0932,0.8681318681318682
685,7257841d-8364-4e29-a6d9-cb8c4e28bc8b,0.8531468531468531
686,726ff65d-7282-4d6b-bfa0-70fb7aa4a2b9,0.8823529411764706
687,72732437-e44b-401e-b4b5-78cbb321d510,0.9032258064516129
688,7273c171-3cc4-4459-ad4c-d34f75c15616,0.9716981132075472
689,730535e3-354d-4766-9455-c9a4bf8c6a01,0.9391891891891891
690,73080562-d3d8-4753-ab04-96f38c2f7d39,0.375
691,732a8f70-9297-4dee-b0b5-05b7b970b2b6,0.8910891089108911
692,73315d08-1ab7-433b-8c95-cb25aa553fe3,0.9385964912280702
693,7358f9f1-c79a-49d8-a09f-55d76486390e,0.8333333333333334
694,736bbe4b-45b0-4809-bd1d-cb4bc0fbe286,0.8842105263157894
695,736cf494-cee3-4742-a2de-4325a54a797f,0.8481012658227848
696,73a34d90-02a7-4cda-a489-a74c12cedd37,0.9893617021276596
697,73e14add-b452-4bc7-953a-dbe7363e6c9d,0.9619047619047619
698,7405bd5a-7e37-411a-998e-6d5876f478d8,0.9191919191919192
699,74aaa303-ea2c-4b7c-acf5-c070861bdc9c,0.9905660377358491
700,74bfa013-49c0-4ce3-85a6-14994044cd5d,0.9032258064516129
701,74df625c-8a78-407e-a2c3-cd4b5f017e70,0.9099099099099099
702,756e7672-3eb1-4a0a-8003-bd5bdf2d65a8,0.9911504424778761
703,7608f47e-3c1a-4bae-a2bc-82976397837c,0.8928571428571429
704,761fe94e-92be-4c66-8a76-0a4723c68ce2,0.9568965517241379
705,7621da65-e844-4ac6-8bc1-eccde823e790,0.9459459459459459
706,763c6224-ad73-4d33-8001-02a69d00567f,0.9473684210526315
707,7643d9dd-3d30-4791-9330-8e21a78d4fd1,0.9829059829059829
708,768c8501-c0c7-4783-b08d-5cf63c7e7641,0.9333333333333333
709,76adaddf-97e4-4c07-9c07-43e7cfa97672,0.8916666666666667
710,76e236d5-d114-40d8-970f-716ab243e566,0.8932038834951457
711,76e48e8f-4a24-4eca-a011-075ccf865809,0.8333333333333334
712,76e7f513-626a-40f7-841f-b73c198277a6,0.7692307692307693
713,7724d18a-edd0-4a31-93a4-155dc4032981,0.8761904761904762
714,772e3d25-266e-4287-a43c-00eab9f7b49d,0.925531914893617
715,77404852-281f-486c-8cff-a1b377f24c3a,0.9540229885057471
716,775b5fe1-a2da-47f3-bcc8-9eda618c5af2,0.9894736842105263
717,776487c5-644e-4a2c-9557-d43d558770bf,0.9595959595959596
718,777a7f4a-d19c-4ef2-95cc-ffcaa6a79a33,0.9540229885057471
719,779ced2d-c2ff-4379-91fd-1cbe3154581b,0.9712230215827338
720,77a36072-c6b7-4728-aa77-894912352dbf,0.8294573643410853
721,77d87029-fbc5-4328-82f3-95f863b88f6c,0.9924812030075187
722,77e53e3d-9cd7-4913-95e8-d91e9e8fbea2,0.9646017699115044
723,7830dfc1-8d6a-487e-9f41-a140dfec31c3,0.8
724,7872799c-ee3b-4436-95fd-dc926f5ea82b,1.0
725,790afe55-b1d3-4469-972c-96b51a4dde25,0.8712871287128713
726,792f538d-43d6-4a48-9689-a53c37d9d2bb,1.0
727,7a14cd30-793b-4b99-a343-98cfa406ea47,0.9777777777777777
728,7a3f44ca-2f1c-4c89-a390-eec1cf71cf7e,0.8181818181818182
729,7a6f615a-e2cc-4898-b427-7b8ded57281b,0.9156626506024096
730,7ab3c116-f323-48d2-ae06-7e119c6b305a,0.8681318681318682
731,7afc5272-c539-4cf3-be73-99ac7612707f,0.8986486486486487
732,7b32ad4b-2b37-4d2e-96dc-3f66c7317c04,0.9401709401709402
733,7b38703e-1275-4fbf-8590-fb88691d69e2,0.9711538461538461
734,7b546914-fa8c-4830-998f-f3e1eab6a446,0.7432432432432432
735,7b6f7b95-481c-4ae3-9f5e-252429ae2b96,0.8717948717948718
736,7b8268aa-bd7d-4194-9e0e-fce2b7c49529,0.8661417322834646
737,7b894026-4c9c-4e0f-9266-3d2d86e64871,0.9078947368421053
738,7bcd617b-29c3-4c65-a77d-f043c85846fa,0.9380530973451328
739,7c0e96d2-d393-4482-8383-94752bbee731,0.991869918699187
740,7c10e43f-9803-4aeb-bf46-177f82152cc1,0.9702970297029703
741,7c5cfb48-dcbb-4bab-ad4f-3f5f3263c097,0.8947368421052632
742,7c602161-21b1-43c6-9ccc-2a68fb38a1ef,0.9705882352941176
743,7cd4cefc-0261-474e-bc74-d80bee388a65,0.990909090909091
744,7d050440-24fc-4682-8393-b88a580515e0,0.9659090909090909
745,7d8ab00a-2e2e-448c-91bd-e6f77a3c7daf,0.9433962264150944
746,7d8d5e65-9d8a-449b-a99a-85bd9af059e9,0.6914893617021277
747,7dad6b55-7acb-4afb-a07b-9d385048dde1,0.978494623655914
748,7dadb16f-60a5-4622-98f6-a8419b1512b8,0.8854166666666666
749,7dd9b46c-48a7-4efc-a1dd-df969911a6db,0.8145161290322581
750,7de274e1-4b73-4334-9d79-d3bcf1a00543,0.9680851063829787
751,7df22c99-d84d-473b-a515-6619bc01600d,0.7476635514018691
752,7e178610-a013-4e9b-bdfc-eedb76b904b3,0.6722689075630253
753,7e548021-cca4-4544-ad39-c43cef32b493,0.9426229508196722
754,7e57ffb1-ee2a-4316-ab92-95ed91079a95,0.8403361344537815
755,7e607c1d-0bd9-47b7-a561-66d619ac5d8a,0.7807017543859649
756,7e63dd4b-813c-4468-98f9-61cb9075dd90,0.8571428571428571
757,7e84a80e-2d76-4d88-a7d8-a588e46576f8,0.8524590163934426
758,7e90a9ae-dc4d-424a-a327-4b95714755e3,0.8490566037735849
759,7e962f5c-ac4b-4df6-97d6-caaa596956e4,0.9523809523809523
760,7ead9659-778c-4f23-b19c-6d5021a86fc0,0.8082191780821918
761,7eb5a9fa-2b5c-4a8a-a585-87f51d79dd2d,1.0
762,7f33a9d3-c0e3-4c49-8e65-1581a7be150a,0.8706896551724138
763,7f59c2bb-ba13-42e1-83c0-4abef9ea49b9,0.8505747126436781
764,7fbf98a2-69d0-4f38-93d5-2b431adcc3ce,0.8981481481481481
765,8013158c-b1e6-483e-9530-1cb4a7f8ddf7,0.9354838709677419
766,8022cc99-adba-4f37-b5dd-3ccb1fbcc229,0.9629629629629629
767,802c3757-3937-43c5-8d01-0daee3a5211f,0.9912280701754386
768,80ae8bcb-2329-4b36-9948-7a25b229d93b,0.8809523809523809
769,80c58a26-04b1-461e-bd75-a220bc9d3f45,0.9552238805970149
770,8130cfd1-be4c-4dc9-bf24-a386c4141b19,0.8636363636363636
771,81330bd6-f46f-4f0f-b15e-8390de2b3939,0.8586956521739131
772,815a95fe-7252-41ef-b68b-6455a0588095,0.9058823529411765
773,817b6bc5-1f6c-49d8-b444-1aba1f66b23f,0.8623853211009175
774,817eaee5-f0e9-42e7-b555-b66d5faf9834,0.9666666666666667
775,81939dc1-2ad9-4d15-b7df-3fd369ac6172,1.0
776,8195d1b6-fb1b-4424-ae27-91f0a032a374,0.9157894736842105
777,81b678af-018c-44c3-85f9-ee745d1faa36,0.9935483870967742
778,81c7e944-47bb-44ce-8a04-d215e7ab8fdc,0.8760330578512396
779,825a157e-98e3-467a-89c8-c27c2da1c078,0.8914728682170543
780,82ce4452-6d57-4329-9dd2-5a3246de3b94,0.7936507936507936
781,82d3d26a-b19e-4810-abfe-4d59e3d62278,0.8666666666666667
782,82f8ff38-2c38-46d2-9789-145a97ccb8c4,0.7674418604651163
783,830230db-7b36-48ff-8e4c-e0758a83d91e,0.9619047619047619
784,833c0a6c-69a3-44d6-bc03-a3e365288621,0.9651162790697675
785,8354802e-535b-42c1-98af-ce18bd23c5eb,0.9571428571428572
786,836d3047-a322-46eb-a3d8-0c4004e09edc,0.937984496124031
787,83a84fab-8cef-489a-9933-fcaeaf6cf4c6,0.9626168224299065
788,843cd7fe-5fa4-477d-a9b0-dd9de6a217c4,0.7586206896551724
789,8458c4c1-d791-4d5a-9c45-6b9129869da2,0.9937106918238994
790,8471988e-06ae-48e6-a39f-9f201597f07e,0.8521739130434782
791,84d55312-409f-4a77-8155-421cb2504efe,0.8055555555555556
792,84dc7e5b-6d25-48be-b2c1-802e4b418b31,0.84375
793,8536b12e-1889-4fb2-b5b0-06903871993f,0.9370629370629371
794,8573f211-885c-4e7b-8e7b-53f49e168dd5,0.8666666666666667
795,85f41616-7515-4c90-80fb-f802ca44c3ca,1.0
796,8631a79d-555e-4beb-80af-728d5bc6810c,0.7850467289719626
797,8653a0d0-e582-4d0e-a82d-6e1f77d9ae69,0.9560439560439561
798,8676c0af-f986-4a3b-94a6-0df51b3181f4,0.9693877551020408
799,86edf627-3b4e-45a6-b8a1-a4f2888e43e1,0.8404255319148937
800,86ee8309-4b1f-42f9-a0e0-312dec3c12ab,0.9574468085106383
801,87032bc0-8c58-4d45-9957-18a723b80c97,0.8923076923076924
802,87192956-5e47-402a-a73c-7a6f9d7a556a,0.8543689320388349
803,877e420a-d167-4f4d-bc34-72618e7e37e1,0.9790209790209791
804,87806eb3-9706-484e-8cac-454e1f83f97c,0.7368421052631579
805,87ef192a-2295-4c04-8714-e92ca68cd5a9,0.9587628865979382
806,87f6204c-e343-42be-bb85-c749216c8ca7,0.9124087591240876
807,8805e789-7882-4877-b9cf-ad85f453a562,0.945054945054945
808,8829ca37-e32f-4636-a5b0-d87b90dd8f12,0.826530612244898
809,8840d3c9-6c6d-4225-8df7-42f5a0ac23d4,0.8955223880597015
810,888dfa3d-b583-4179-bfb7-e66a9d69a805,0.8823529411764706
811,88b2714e-d4d5-49bd-b885-0cb0f69b9cec,0.9594594594594594
812,88ca60e6-bd12-45e2-8e2f-9bc708c3d6c2,0.923728813559322
813,8914881c-a7ba-4629-a722-691ef4a3647a,0.9278350515463918
814,892427f8-bf19-4f0c-8cbd-9056b379f243,0.8849557522123894
815,89362bfe-e29b-478f-a579-c21c8a7cf1e6,0.883495145631068
816,89708b77-9849-4d9e-ba1a-96f0318409f6,0.810126582278481
817,89ac7645-d2cf-407c-8383-76536b663336,0.6944444444444444
818,8a4c626d-8d93-4f9e-bbab-0c6416ecc455,0.69
819,8a607181-cd92-481d-affa-28b73e8cf4b3,0.9782608695652174
820,8a89faa9-dc57-4db9-ac0b-60dcdd018d54,0.8095238095238095
821,8a9837cb-a545-4eaa-90b0-d7e37caeadb2,0.89171974522293
822,8ac87e6c-b4ba-4b4f-8875-35c012e6d095,0.8352941176470589
823,8ad47c5a-0c17-43fc-966c-734d2a41844d,1.0
824,8b02a29a-abc6-42f0-b805-279ca67131a8,0.8333333333333334
825,8b344d2a-232d-45e4-b886-9f5a9ecd4935,0.9847328244274809
826,8b9b17fc-58fc-4f0c-93f9-e598beb858bb,0.9264705882352942
827,8c0a3b09-cc62-4b4c-8f9e-4e175813d1bb,0.8333333333333334
828,8c35cea4-8105-45b5-8de8-93a858a189e2,0.7976190476190477
829,8c402471-582c-4f94-9838-8ea783308bb5,0.984251968503937
830,8c7cc6a7-d82b-4971-97d8-fd40009863b9,0.8979591836734694
831,8c8300ca-cea2-492c-8d7e-fcfd6fbe5323,0.8333333333333334
832,8c99b516-c5c9-4e46-9dc7-6fdf6e424245,0.7976190476190477
833,8cc47a74-cefe-4518-a60c-7b708c9bbc43,0.9726027397260274
834,8cddcc80-efd7-441e-befe-4e2f354c6e48,0.9464285714285714
835,8cf6725d-39f6-472f-a90b-75378cedac78,0.9900990099009901
836,8d5c3960-9612-4386-b2f5-ad6eb1a40c0c,0.9222222222222223
837,8d65fe0d-52ed-4db3-ab4f-cb8a11eb8110,0.8105263157894737
838,8dbde2fc-02d4-476b-87f3-12fdd43f84d6,0.9252336448598131
839,8e06ce16-8596-4c4e-b775-1fcb5db2fb3b,0.8796992481203008
840,8e0886e6-f477-4fc7-ab99-7bccea3562e6,0.9191919191919192
841,8e1343fc-7906-464c-9c7f-ffe393ce2e5a,0.952755905511811
842,8e29cc75-30c8-47c3-af2e-b9d4e2718ee6,0.8955223880597015
843,8e5d31c9-d7d6-4fdb-975c-2f44c21b6b90,0.8545454545454545
844,8e6da047-045a-4be3-ac88-f08854f793ef,0.8850574712643678
845,8e72a216-a688-4f20-9e64-ad27e3e4e017,0.9574468085106383
846,8e76c1f9-6b76-4fca-a92a-960479ab5759,0.7717391304347826
847,8e7f197e-534b-4e39-8ebe-e064397dfae0,0.9101123595505618
848,8e8266c7-6bc5-4c71-b41c-9cfb6113b0e6,0.9222222222222223
849,8e8fd874-d896-4e9b-b954-e4b64a450dc9,0.989247311827957
850,8eb8f74b-dcec-4828-b8da-fccf1e5c6d8b,0.8082191780821918
851,8ef30faa-9b6a-43c8-b1b7-ae4064db5902,1.0
852,8efd4cd4-5d56-4a54-ada6-509a9cd08027,0.9712230215827338
853,8f24cbfc-01cb-4da0-a023-d4d977def5b2,0.967741935483871
854,8f594400-e5d2-4c15-80a8-8f46a26533a4,0.8969072164948454
855,8f5958f4-3cfc-4b52-9b7c-94d92d902bb4,0.927710843373494
856,8fbb9228-d519-4402-84b1-a9a19714e073,0.8227848101265823
857,8fc1f050-ef3b-4e1b-8efc-1f2e37e32d2d,0.9512195121951219
858,8fc6eac8-e31d-4cf6-ac19-42a4ab5be8fe,0.868421052631579
859,8fe6eda9-ea66-40af-8fe2-14f22b60e055,0.9090909090909091
860,90028be3-03df-42c7-898b-0c1ae02a651a,0.6875
861,904b6392-a5ca-4430-873e-12dde09084c4,0.7916666666666666
862,90609e55-822d-4c12-94b7-36eff4ae7d70,0.9130434782608695
863,90726a37-27f6-42df-8532-4f680991ef83,0.9047619047619048
864,9083dfa7-10e7-46a1-9711-81e21ccc3e5b,0.8529411764705882
865,90862593-2344-48f3-a7ac-999b7f94340e,0.7926829268292683
866,909958fb-d850-4550-b458-352096734cd0,0.8467153284671532
867,90af29e2-f1bb-407c-9830-4c497ff8ee83,0.9135802469135802
868,90d4c110-d8ca-4748-a8ff-eb3e9c75d822,0.9285714285714286
869,91584e15-4fa2-489e-b3eb-5c36f192fa56,0.8761061946902655
870,917bdf05-1be6-47e1-b440-f87827db1383,0.9591836734693877
871,918aa44e-ffe3-4999-86e1-0f2afcaa9f3a,1.0
872,91ab17c0-2e0a-4f5d-83be-b18ae9cdca3b,0.9426229508196722
873,91fc4beb-f477-469c-bbfa-db7a81bc135e,0.9733333333333334
874,921772e6-b54d-4ce4-935f-3fcdc765b391,0.957983193277311
875,92253481-4025-4fc0-88b2-0bedd631f7e6,0.8571428571428571
876,922f3e3b-b406-4b40-989d-11b69ede5cc1,0.9719626168224299
877,926a06a4-9655-481e-ae62-cff7b2252d0c,0.6666666666666666
878,927f57ec-a509-4314-8270-557282ef97a7,0.8347107438016529
879,9291e1d6-3d78-46f0-ab93-08f7ddd7c6ca,0.7608695652173914
880,92b00754-f3ca-4e29-a029-a177895faf54,0.9642857142857143
881,93f549b7-1598-4319-90ca-89e7d27d2130,0.8888888888888888
882,9419c28c-1673-4a99-9728-b470ae05c44b,0.9550561797752809
883,942b175b-1f9c-41cf-adb8-f34ecd564bbe,0.9389312977099237
884,94b5c88f-aa34-447a-8acc-9dd0440234d8,0.7916666666666666
885,94c0070a-0fbf-4da3-90f9-4b3f658352a8,0.8958333333333334
886,94c2df4b-1ad1-4e93-a005-7c9edc445921,0.9318181818181818
887,94d651ac-985a-4ce2-8c37-baa61b721155,0.7672413793103449
888,9510e773-e981-4355-8907-5c7f44169c49,0.93
889,9537dcb0-5d77-44b0-bdb4-35c394c71a06,0.8347107438016529
890,95e03237-1db4-4f74-95cd-744b81b7bad8,0.9925373134328358
891,962c3e5f-5aab-45f3-9811-8ce136d271d3,0.98989898989899
892,9647b47f-db00-4c42-b751-1b8be6e3b747,0.965034965034965
893,968bb9b2-87ea-433e-adae-f9b6ad39fee9,0.9777777777777777
894,96977dae-e340-4321-a9eb-ebab6f2b16e9,0.7468354430379747
895,96e68dfb-5d4b-492c-90cf-58ab42873949,0.9769230769230769
896,96ebd50e-71ad-4d55-bcc3-f67d8edefe7d,0.9651162790697675
897,9710f715-cad6-4ffe-8dd3-6464d93e9ba9,0.9390243902439024
898,97922c38-6ceb-4cd2-87f9-42f20fcad844,0.8690476190476191
899,97922eb1-ed5c-4662-a5ad-48295c10d275,0.9112903225806451
900,97b50611-b8b2-4357-ac37-87296244b069,0.7628865979381443
901,97e36209-8bf4-45ba-9855-98f16e37d22a,0.9908256880733946
902,97fbdb21-5e49-49fe-9bad-6b1f3c27d2de,0.9870967741935484
903,98435595-7e13-4459-afd4-aed63b1980a7,0.8666666666666667
904,987275b9-2af8-485d-a5fc-2006e8214a69,0.8640776699029126
905,98a4d50e-28b4-4e4e-a337-02a4bc36eb30,0.7846153846153846
906,98e7d797-7eff-4edb-90b3-13fd40d55789,0.9369369369369369
907,99104a86-dbd3-461b-95b0-079df8eb28eb,0.801980198019802
908,992e0e02-eae8-4215-a5ab-e533fc71533f,0.8023255813953488
909,9963ee73-3d54-4a1a-bd72-61d1187f35da,0.9291338582677166
910,99f4bd3b-7a05-4bdd-a46a-84e65a0a84e4,0.6585365853658537
911,9a214c75-094d-4a2b-9084-6fd55e79bef3,0.8584905660377359
912,9a297d3d-1543-40a3-a252-b305a14037a7,0.9863945578231292
913,9a4b6b9a-ab55-479e-9fca-264c52b05d54,0.8803418803418803
914,9a55ff1a-4365-43dc-9ef5-b962076e9ecd,0.8470588235294118
915,9a5b969a-a46e-4560-98a2-7e4ff064234b,0.9685534591194969
916,9a66d5b6-eb01-4179-be34-24eb7105456c,0.8
917,9a6d2490-13bf-43f1-8bdd-539446460349,0.9436619718309859
918,9a82da7e-7bf1-489e-9a47-f49a4024ab31,0.8319327731092437
919,9adb814d-a529-413d-a25d-df15fe79f523,0.9785714285714285
920,9b02b1f8-5248-4724-987d-cad8e93fbb06,0.76
921,9b22628e-c497-48c1-bda3-1483131650ce,0.9937106918238994
922,9b39fc0b-bb1c-4602-9e28-850fdbf26371,0.9787234042553191
923,9b3f30f0-9d78-4209-aa46-1beff8705122,0.16666666666666666
924,9b45f9e4-eec4-4f65-85bb-a58b7e353f5e,0.9666666666666667
925,9bc4957d-43d2-4a10-bd59-99dda6ed92b7,0.5638297872340425
926,9c07ce3d-6cbf-4d14-b5a1-8eb52fdd397b,0.8285714285714286
927,9c3d2445-c2c5-45a6-9634-25c2e297abe8,0.8297872340425532
928,9c56e2af-3c1c-470f-98fd-e963c82994e8,0.9690721649484536
929,9ca17fd8-fcbf-499c-b176-86bcdb0fc1fa,0.8279569892473119
930,9d37a5e4-074f-4dc0-aef8-d52db1a75b07,0.8981481481481481
931,9d5b603e-c5e6-47a2-ac8d-6303341c8a14,0.9183673469387755
932,9d63549e-86aa-41cc-ac66-4932f93f1600,0.8348623853211009
933,9da0c6f3-2898-47e2-a9c7-bbaf8a664686,0.9354838709677419
934,9dab0519-9b0f-4c46-88ea-67878b9d6df5,0.8108108108108109
935,9db50bbf-8c66-48fb-8679-54375c469072,0.9324324324324325
936,9dd465fd-de9f-46a8-89bc-2d1aabc94161,0.9619047619047619
937,9de04af3-2e1d-4c73-9431-782b47a9ef1b,0.8478260869565217
938,9e036308-b323-4ec4-8245-aa72a0eb43f1,0.9770114942528736
939,9e185873-6715-44ab-8892-ece63fee5513,0.625
940,9e50e2e9-cd94-471c-9ccf-3b2d3233e67a,0.9875
941,9e5a9d04-9aa2-489d-a1d3-979b88194323,0.8793103448275862
942,9e5ea269-7ca7-4b25-8f3b-b686a2df6016,0.7017543859649122
943,9ed73744-7755-49ff-b0b3-ad333bb7ea6e,0.9895833333333334
944,9ef2585d-42eb-4b03-bb31-cba3ac06333c,0.6987951807228916
945,9f0c6b56-3bcc-431f-85f7-170846ca22a6,0.7610619469026548
946,9f2357bb-4ad2-46b4-ad48-2c970a802dff,0.8125
947,9f9816b8-a186-4d76-aa15-6bb85bc3e089,0.9239130434782609
948,9fbeaf25-595b-48ef-a70a-7d7694230d6b,0.8383838383838383
949,9fc40c34-9c4d-48ea-b0a0-dba3eda32ae3,0.9848484848484849
950,9fca7208-2d84-4ac9-921f-5b06fbe00004,0.7126436781609196
951,9ff5ec20-ebd3-4ae1-ab36-a59db5d8a37a,0.9882352941176471
952,a01413b7-04f1-45b0-8c98-7c5769b6b2a6,0.8902439024390244
953,a03e3984-f105-4540-bfcb-a3d93ca72169,1.0
954,a0b11179-e459-4a2e-be24-e05408c31e0e,0.972027972027972
955,a0cca122-7d7b-4890-a968-8e8481e30240,0.9017857142857143
956,a0dc4a64-e45c-489d-855e-f689b1c5ba2a,0.90625
957,a0e9f0fb-9240-4e70-a83a-e50cb6b966fc,0.975
958,a10d1a17-2bf7-4a77-b672-a11969bbbb1a,0.8602150537634409
959,a11c85c4-a672-4d39-bbd1-be9aff45ce48,0.9850746268656716
960,a1415da9-f31f-4c31-8986-c817d5a5bbbe,0.974025974025974
961,a1c8c242-9eef-4a40-890c-a4b8cffe4115,0.7108433734939759
962,a1e4613d-0f45-498d-a87a-fb6cdd9b6c97,0.7802197802197802
963,a208635c-39b5-4356-8d5c-c8d373db4d0f,0.726027397260274
964,a24699aa-8072-48e2-bc9a-58f772a4e5df,0.8918918918918919
965,a24ad67a-971b-4e0d-9269-7f1f09d90c6c,0.75
966,a27350d1-4882-428e-bd35-8cad00a2faed,0.9180327868852459
967,a2b67cef-7968-4bc0-99e7-e850ed4e6ff6,0.8214285714285714
968,a2e347a7-39f6-46f5-93f8-af65ec444702,0.7672413793103449
969,a30eb3b3-86f4-4067-8835-ecbd7f2f1d33,0.983739837398374
970,a3230718-e7ea-49bf-b3a9-0f8df07cf090,0.890625
971,a33fede5-80bc-4ada-90ef-eecc09144ba7,0.8551724137931035
972,a36ebf6a-c691-44f0-a95b-7965a13ed013,0.9629629629629629
973,a37c5324-6043-47fe-97d2-3a92b2830543,0.9857142857142858
974,a3955b55-8e0c-4e08-8129-5f988e9bcd55,0.9122807017543859
975,a39d8bee-6a43-41c8-a5ce-3dd826ac251b,0.8431372549019608
976,a4812176-2375-425e-a48b-b4ad5893d04a,0.875
977,a4b6c19e-4d1d-424d-9b23-c3249516be29,0.8796296296296297
978,a4bf4802-ab9f-471c-84eb-709381c9683e,0.9583333333333334
979,a4e5f095-81d0-4083-a1ea-b645660a1f2e,1.0
980,a5061711-1f3c-40c6-af03-dedf73671533,0.8226950354609929
981,a52b0f56-06f0-4d21-8e81-1262ad620929,0.8725490196078431
982,a531e922-bb9b-47fb-88e3-f3733ca4d573,0.8141592920353983
983,a542a73e-4999-4a23-add4-260692c8fdf7,0.9846153846153847
984,a5473fc3-1c02-4546-8e52-fe4e0fe5876c,0.9
985,a5620c34-5218-416f-b48b-74ff857b1416,0.8421052631578947
986,a5832454-f3a7-4610-9cec-9ab1b95ed52a,0.9375
987,a5d1fedb-3d3f-4555-bc8d-9133ab760c12,0.7654320987654321
988,a62cd82e-8dec-4515-a9a0-fb958b9d2a01,0.9739130434782609
989,a637d388-5599-435d-8254-e9b6e8974779,0.9375
990,a64e1313-a283-4724-a2ad-b526db9e5012,0.5675675675675675
991,a64f8ed3-847b-4657-afb5-455814d3f8d5,0.8952380952380953
992,a68dc910-4d23-48d6-b4e6-7c13dbb6412a,0.7976190476190477
993,a699e5b2-021b-4a03-a561-b47d6bb12832,0.9078014184397163
994,a6e1c28d-9e85-44d2-9632-bde5101182bb,0.9024390243902439
995,a71a42b5-1f0d-4125-84e2-3d92a5c9d7ce,0.9831932773109243
996,a73a91a8-7cd7-49f9-86dd-0cc8fd7d5e90,0.9259259259259259
997,a767edbb-cecf-499c-9ccd-27f526497155,0.89
998,a7832778-a840-4db3-ae39-e83826392428,0.9774436090225563
999,a7917e7d-61e1-4fcf-b5c7-18098f461980,1.0
1000,a7e7820d-9f88-43ba-a689-c785d9927702,0.9354838709677419
1001,a7eb958d-3f43-4538-92c7-1c48c8286da0,0.8970588235294118
1002,a80bede2-7080-4caa-b610-654617ce555b,0.7090909090909091
1003,a85dbd57-84ff-4d9f-9eff-b02616107120,0.8484848484848485
1004,a863edc6-f391-49b9-a9bc-bbe66dd834ae,0.9325842696629213
1005,a8fb5019-a263-45b9-b61c-97feadfe84dc,0.7777777777777778
1006,a9215cf0-5821-4cae-8a0e-8e0881b495cf,0.9090909090909091
1007,a935e26f-d4ec-4953-aa31-2b640eb8c1ef,1.0
1008,a95a47ca-4ffa-4486-a92e-eaeb5190c37c,0.8952380952380953
1009,a95f4415-944f-4c97-a993-e18e07411da3,0.8414634146341463
1010,a960cadd-a827-4f76-b71f-da9b161e3488,0.8080808080808081
1011,a98bc88b-6fb5-4da5-8bf9-5db12b336c6f,0.8103448275862069
1012,a990df50-5fde-497f-8b53-da3aa5515b63,0.8152173913043478
1013,a9937276-9b4a-4549-9ac6-b4f846910612,0.8260869565217391
1014,a99c90eb-da9a-40ec-aa31-170dd12175fc,0.898989898989899
1015,a9bb07b1-14f7-4ed7-8272-40368ac55440,0.8230088495575221
1016,a9da335d-0701-4752-89e1-c96c84bbb534,0.8103448275862069
1017,aa3e7d70-1b87-42a3-8bc7-593c19c15a39,0.7959183673469388
1018,aa61b41f-f2c3-4dd1-a7a3-f36781292121,0.9357798165137615
1019,aa775f68-46a6-4ccf-88e3-a98a13594549,0.93
1020,aa9dd756-e3a1-49b0-82bb-319e55acb5bf,0.7446808510638298
1021,aafb4bca-1490-4108-961e-59016101f826,0.8369565217391305
1022,ab02df26-ae48-415c-bcca-ce762ae4c01a,0.8762886597938144
1023,ab15ada0-b948-4587-bc41-a6b3d55163ef,0.9357798165137615
1024,ab300c9d-0299-4149-ba38-9be18555979e,0.8508771929824561
1025,ab35e745-785e-4e22-8799-90d569357ebe,0.9175257731958762
1026,ab5391aa-ee95-46f1-8296-6f48b1cced13,0.8433734939759037
1027,ab6c9c2d-ad97-460c-8bb9-b7901a072ee8,1.0
1028,ab92f17f-604d-4c80-87b1-653fca423a96,0.8409090909090909
1029,ab935589-f5e6-4520-b756-e3400f435a21,0.9512195121951219
1030,abfec057-66c7-4aa5-bcd8-0c141878ed17,0.979381443298969
1031,ac015b40-8057-4552-aaff-42f5b3b6393f,0.8829787234042553
1032,acd0ade1-4ba4-4408-aa6e-4b8b754cf7bd,0.8923076923076924
1033,acfcc225-eda6-4e8a-a8f0-f4668390b9f5,0.8035714285714286
1034,ad2ea61e-c2ff-4320-b745-f2b1875052cc,0.8316831683168316
1035,ad417a8b-d989-4feb-9ec1-a8ec484dbb8a,0.8651685393258427
1036,ad65ba7e-5244-4ab5-9736-65d3bc560ba9,0.9602649006622517
1037,ad8f7bf0-837c-4626-8894-977f17baee87,0.8629032258064516
1038,ae32184d-98d9-4840-b391-3631a7ee56da,0.9444444444444444
1039,ae4dbe7d-40a3-468c-987d-504a415c13a4,0.8152173913043478
1040,ae7961cc-88b7-438a-89e4-0e6ffb9bd986,0.946236559139785
1041,ae9a8cac-f09b-4cb6-9825-d164c834b941,0.8794326241134752
1042,ae9dd83d-832d-4203-ace9-34ce1f57a33d,0.8611111111111112
1043,aea14ea3-e5f3-40a3-b681-284f249ecff9,1.0
1044,aef0ee00-14b8-40a9-843f-53d9f33c474d,0.9320388349514563
1045,af402e57-5ba1-4be5-b717-f499d109431f,0.9560439560439561
1046,af532e08-255c-4dea-9411-bf2811c31a5d,0.8658536585365854
1047,af5790d0-41c1-4ef8-b5e4-f591af7a1323,0.9425287356321839
1048,af5b0bc2-9417-4e74-9d61-c19f873a2801,0.8876404494382022
1049,af62d45c-4bc4-4d8c-9391-c6aefbaabf1f,0.8880597014925373
1050,af8a3056-0bef-46c3-a2fa-f9bb504b6166,0.9158878504672897
1051,af9294a7-2007-4be0-af0e-5357c395beed,0.9736842105263158
1052,afc31731-4218-4c20-b03e-a6052e56c43c,0.993103448275862
1053,afe9f2db-5326-4a5f-9cd4-2949f3f42eeb,0.9285714285714286
1054,b001ceaf-cbaa-4e78-8d52-6376cd2e7172,0.9893617021276596
1055,b019c480-d25d-4d81-8b89-18f6bff50012,0.9545454545454546
1056,b0e422bc-e892-433a-900a-b7710d882fc4,0.8921568627450981
1057,b11f66ea-490d-46fd-9d74-599702b728a0,0.8380952380952381
1058,b18d82c1-300c-48fc-8d14-3b9dc69cd5fd,0.8859649122807017
1059,b1c355d9-feda-43a8-a09d-59400f698706,0.9714285714285714
1060,b1d26725-94a6-40ee-98cd-a53a6a1d7c08,0.9703703703703703
1061,b2631aa6-b8b6-48af-b254-189b0f2c3347,0.9298245614035088
1062,b2a26ca9-bc52-40ff-aea3-a618a51b92be,0.9935897435897436
1063,b2d447c9-6000-43d4-ae06-dd213df90ba0,0.967032967032967
1064,b2e06ea1-c5ae-498e-a85d-9f5297de3427,0.8611111111111112
1065,b3081d3f-2adf-4775-864a-2449a0740d7c,0.9512195121951219
1066,b32507d7-6aa3-42d2-ad56-cace340f950f,0.9259259259259259
1067,b367bc25-ee1c-489b-9fe0-e0803f6a61a4,0.776595744680851
1068,b3760644-28a3-4bbb-a98d-fbd5025e2e5e,0.9560439560439561
1069,b39a721c-1cd5-4bc5-a53a-ae6c83729c2f,0.9080459770114943
1070,b3ac4e84-ff2e-4e12-b836-9aea3172b1d5,0.9857142857142858
1071,b3f56b89-53d6-4085-bcf8-aeaf39682444,0.8791208791208791
1072,b421d919-5c54-4df9-a859-73a1fe9e4102,0.9310344827586207
1073,b4349fc7-14ef-44a5-84f3-d22b38ca6812,0.9081632653061225
1074,b47ac98c-8229-4e88-9191-7a73089def07,0.9767441860465116
1075,b4a2e40f-75ff-4672-9496-bea452d50d2b,0.8292682926829268
1076,b4eb510c-63a2-49c2-ba52-4fe67dbdecdf,0.978021978021978
1077,b53c10cb-d2c7-4a7f-987d-e5d4dc3c9a67,0.9
1078,b54aa46a-18af-4747-ba71-60589e2e1acc,0.8623853211009175
1079,b55c6272-10d4-437a-b0ab-9102fbc51bcd,0.9811320754716981
1080,b56e18fe-51b2-45e6-a3cc-1b742495862e,0.7627118644067796
1081,b580fc5b-d6be-4639-a499-4e2d8963bb4e,0.7142857142857143
1082,b5dba3fe-b929-4fc9-82e5-eb8c4db369a3,0.9794520547945206
1083,b5ebe64a-df77-47d0-9f10-f83ff2bb0740,0.8646616541353384
1084,b5f1e3fd-4666-4f05-a299-85abd97d7c3c,0.9090909090909091
1085,b605395f-0f51-48db-bd8e-8d436a7e8e9a,0.8839285714285714
1086,b60892cd-95ea-4cd3-a703-9b55fe987818,0.7924528301886793
1087,b66c4dbb-99e1-4a46-a88e-2b45f5468559,0.9689922480620154
1088,b6b65fc9-8e33-496a-9154-1bc7b93cffce,0.946969696969697
1089,b6c3348c-d86f-413e-b2df-56dfc2f4031a,0.952054794520548
1090,b6f7de8d-dfc8-4e0e-970e-0cd2d270af5b,1.0
1091,b7115dd0-36fa-4e5b-b3a0-6ea8ed5a986d,0.9903846153846154
1092,b7370bd2-d31c-45e3-b661-f7cc5278c2fd,0.986013986013986
1093,b770e265-4ba2-472e-82db-5dc13df39aa8,0.8823529411764706
1094,b77f2f72-8915-48cf-823a-14d5ad5bf515,0.8348623853211009
1095,b7d1cc19-f745-4d27-a084-80e4aa29cbd0,0.9324324324324325
1096,b7e0399f-0eb8-4185-81d6-e1879c1bf117,0.7738095238095238
1097,b860ff83-084f-40ba-9c18-a9e7efb52819,0.825
1098,b87e9b1b-df7f-4f08-a5d5-c172b2d47ba5,0.9405940594059405
1099,b8f6463e-f5c1-433d-8480-c266ecda373a,0.8210526315789474
1100,b90b4ed6-7be9-4346-a8d4-1f6a4e174677,0.9651162790697675
1101,b91753ea-3f5f-4609-8f01-08c5c077edbe,0.8076923076923077
1102,b94be911-7980-4ddb-b7e6-66c412d0011e,0.94
1103,b9d4cbc6-a365-40ba-87f7-e7d32b548079,0.8941176470588236
1104,b9f13bcf-6b02-4ebc-a1ac-7e6fc4d27549,1.0
1105,b9fb511b-4bb3-4b9e-a0ce-967c069cd99f,0.9148936170212766
1106,ba06ee35-1531-4e97-8870-e4b108f4372b,0.65
1107,ba15a4e1-1b31-4e18-8c16-8c95447577b4,0.9850746268656716
1108,ba1c158d-d650-4c52-a26f-1a81fc6a0b8f,0.9647058823529412
1109,ba1ee157-0ccb-46e6-ba01-51e6c7446bfb,0.9074074074074074
1110,ba63ee9f-25df-4702-9894-545fc1c5da3c,0.987012987012987
1111,ba93f78f-ca91-497e-9049-21f9aa9c2f55,0.9523809523809523
1112,ba96e20f-2bea-45f7-ac9b-a0f69639fea0,0.875
1113,ba9d8b23-a958-4f2b-8a00-90c9b276ee62,0.7454545454545455
1114,ba9e5849-e37d-4fea-b501-77e4f3688579,1.0
1115,babc65f9-d06f-409f-8144-b2f7edd47cd2,0.9722222222222222
1116,bb088dc7-a6fc-4f30-bb25-c91a0e913286,0.9896907216494846
1117,bb15a2d1-0e6b-4114-bd21-cb698571a58b,0.8695652173913043
1118,bb50ea17-0d60-4bd5-ab41-2cddf17cabb5,1.0
1119,bb561c2e-9a0e-4ec5-b66c-95c28d0be2ab,0.898876404494382
1120,bb60a22e-93af-4e7c-b182-dc2071f41cd2,0.898989898989899
1121,bb70f85e-98a2-417a-ade4-5b76e1aabd1b,0.8585858585858586
1122,bb7528aa-aaed-4ce4-ae56-7e2bbac6968b,0.9782608695652174
1123,bb771c15-2d00-446d-8993-2bbfcee78f33,0.99375
1124,bbc523b6-72bc-45de-ad74-4da4aa2ec974,0.9758064516129032
1125,bc4d62e1-ed55-4ab2-be79-155f369c4e8f,0.9313725490196079
1126,bc605d75-63ea-4630-afe6-b1877520411c,0.7889908256880734
1127,bc6d6a50-b8c4-47b0-aafa-2c5c45429b9d,0.8333333333333334
1128,bc77f005-132f-4353-b00f-01e52cda0973,0.8941176470588236
1129,bcb51037-0505-4c5b-885e-af33877da76f,0.8846153846153846
1130,bd3ae533-7f18-4072-a024-3f9c1bb30cb8,0.8490566037735849
1131,bd62c1ca-c420-4cc1-9e88-b511a1b92f15,0.8
1132,bd696509-b02a-4eca-a7f0-a2673ab95802,0.9012345679012346
1133,bd763682-b0cf-4f7b-aabe-09596fc6a0e8,0.8489208633093526
1134,bde62adb-7ccf-450c-84c8-84b96b17786b,0.9612403100775194
1135,bdf66719-ce9a-4e7f-bda3-e3b4bd1352b9,0.9509803921568627
1136,be44c182-34c6-4f31-b3a5-dc0bf89b3e85,0.8319327731092437
1137,be53f53d-eaec-4613-9610-48dd9e7d0891,0.9315068493150684
1138,be8a57be-9fdc-4910-804f-5784007a24b0,0.9523809523809523
1139,bea545f0-8ac8-45bf-b3d9-4fabc5dcfa70,1.0
1140,beb4acdc-9417-41ae-953d-05120cb8a0cf,0.8571428571428571
1141,bef02716-ac9f-4715-9686-11e2ceea6bcc,0.8222222222222222
1142,bef56b84-31a3-46b4-9988-d14fa18aaee6,0.974025974025974
1143,bf046f21-9660-415b-8a70-32676f146bc8,0.968421052631579
1144,bf1b6093-5410-439c-8795-90f766c3385a,0.8584070796460177
1145,bf58db40-5d44-427a-bba5-f9bdafcbeb5f,0.9722222222222222
1146,bf9a5fda-e4d8-4fd4-a93b-8ad7ce152341,0.9236641221374046
1147,bfc593b3-0c66-4816-81b5-9824359c5a39,0.9777777777777777
1148,c0013f47-86a3-48e7-833b-74b8740e6afc,0.86
1149,c0284667-b601-45e9-b5b5-6586aa468d0c,0.9927536231884058
1150,c03f0701-3441-4cec-92d8-8a6800c25585,0.9090909090909091
1151,c065d2dc-9f6c-4c45-a4d5-acc5e411cb8c,0.6904761904761905
1152,c0b1356c-c93d-4bba-a55f-ae2754ec503e,0.9134615384615384
1153,c0cce0e2-0762-4b76-b949-d38179f6b461,0.9375
1154,c0dd1795-7066-47c6-adb6-a97a804f7efc,1.0
1155,c0df420f-c3b4-4eb4-8d36-c4146c115e2d,0.9130434782608695
1156,c10e4e20-0304-407e-884c-384373a9c36f,0.7045454545454546
1157,c13ad390-c70d-4ec4-9b28-2d0ec18935dd,0.9456521739130435
1158,c18753a1-f1b3-4b5e-8edb-02bf205b1593,0.9929078014184397
1159,c1915807-b892-4394-b6a6-3b40bea41f8b,0.9568965517241379
1160,c19db4cb-14ce-4f51-890f-e585a7264cc5,0.9078947368421053
1161,c1a78e68-de5d-45e1-bef7-240ff5f2c8ad,0.9058823529411765
1162,c1c2c634-9766-4f50-8234-c64b40ac94c4,0.9696969696969697
1163,c2000aa9-7af1-4959-8624-ec948952f753,0.6935483870967742
1164,c298ef9d-c0a4-447f-9cb9-0fc80cbef5da,0.98
1165,c2afed1f-889f-43ac-8ed5-af9eabdaf87b,0.9035087719298246
1166,c2fe6518-6e0a-497b-903c-ace210e7548a,0.84
1167,c3025598-ffb8-4323-95ee-a044774a7aab,0.9666666666666667
1168,c342be41-20b4-40cf-ae19-f6371c64a25d,0.9473684210526315
1169,c3432999-eede-4f2c-b1ad-0972f661ba89,0.9629629629629629
1170,c34f788c-e3ac-4629-8386-37df9ff099a5,1.0
1171,c374c970-d229-4fec-917f-68a141265470,0.9741379310344828
1172,c38ba242-5670-48b0-82f8-a6d2ed80d1e0,0.8674698795180723
1173,c38c8b33-564c-4169-a738-3563cb02978c,0.987012987012987
1174,c39a3812-64c4-4d40-958f-c79ad8d6699e,0.9230769230769231
1175,c3b513d6-b708-4abb-a4c8-aeb9b258ef85,0.96
1176,c3edae55-9374-46b3-ab99-ae1b75cfc7f8,0.8141592920353983
1177,c4605717-9a9b-42e6-81e9-cabcef243484,0.9361702127659575
1178,c4bb2bf8-6921-4529-aaa8-612f05215dc7,0.7681159420289855
1179,c50a7ad6-668f-42e7-b5ff-be198de33a4a,0.8640776699029126
1180,c527df7d-2b80-4a96-87c0-ceb4fafa9af7,1.0
1181,c53a75f6-b056-42c0-982a-21e47ad577fb,0.8169014084507042
1182,c5680471-b7c8-4c39-bf75-8a26b7a9b701,0.8518518518518519
1183,c6b40cd1-ba93-4d9a-9832-206c39549634,0.9230769230769231
1184,c6da20bc-d125-4e08-8e99-dee5d7cb916e,0.9354838709677419
1185,c6ed3267-b617-4c78-8b96-eda7f8bdce6d,0.981651376146789
1186,c7387b56-cbcc-4c97-a6c2-b4adbf8cd7b4,0.9791666666666666
1187,c7ab336e-a1ca-4bbf-9ee4-2b67a150380b,0.9107142857142857
1188,c7b514af-8e33-4679-9cf7-0c11dbfdd750,0.8571428571428571
1189,c7bde4e8-c7e7-4f05-b40f-9c92a4168006,0.9694656488549618
1190,c7f70014-87b1-4631-a370-feae39d633c6,0.9044117647058824
1191,c81b28db-0f99-4b43-a3b9-f5577d568f55,0.822429906542056
1192,c82ee0f1-8d7e-4d60-bb69-282afe5a1b93,0.8282828282828283
1193,c835c624-253d-43bf-ad34-2b8f245899c1,0.7682926829268293
1194,c83c8eec-b656-441d-9f75-f10c981f590a,0.22727272727272727
1195,c84c1abc-e4a8-4fd7-93af-9e02f7ac4861,0.7912087912087912
1196,c866037e-0255-4ac0-bf8d-68fe1e36ef75,0.9565217391304348
1197,c8767298-30b2-4925-84ad-39828538d578,0.8875
1198,c88cab1d-1538-4268-99b5-4649b24ed9c1,0.9370629370629371
1199,c8a6ab1f-9af8-4e84-a4b3-ef5e559e84bc,0.9090909090909091
1200,c8dc4144-da5d-4314-a40b-338405cc9810,0.9021739130434783
1201,c9036177-0c73-4848-930c-e22ac971eae5,1.0
1202,c927b5e1-b4c5-4a9d-a036-3ec2433f0a07,0.9307692307692308
1203,c93ebf51-1fd3-4efd-9441-acaa5e34ea63,0.9444444444444444
1204,c947bff0-863d-404f-9c34-fc824c924632,0.8586956521739131
1205,c9526d9e-0055-4520-8f1a-c712465561ff,0.9811320754716981
1206,c986ec4e-ce89-42e9-8097-91e39acc2f83,0.864406779661017
1207,c99156a7-235d-40c0-b18d-036c9acff413,0.9779411764705882
1208,c9975dfc-b5c7-4e8a-880d-e5174503c273,0.6396396396396397
1209,c9de5ebc-d241-4b2b-956d-4f7b305988d5,0.9354838709677419
1210,ca2088ff-b72c-4d5f-beb1-1bf6dd4453c0,0.946236559139785
1211,cab58193-ce74-4243-addf-8194e67bd6ca,0.8849557522123894
1212,cabb2b8a-1a05-4baf-95b1-26f3d00656a7,0.7848101265822784
1213,cabe70b3-dcaf-4aaf-a0c7-96adaa1bb35b,0.810126582278481
1214,cac61d6d-064c-4e16-9ca7-06261adfa585,0.8918918918918919
1215,cacca084-9b34-4ed0-8f97-61eb6b6becb3,0.9148936170212766
1216,cad14bc1-36dd-441f-94b5-08345a7d341a,0.6956521739130435
1217,cae36028-bae0-426c-90b9-e1a322fd8337,0.8823529411764706
1218,cafe218b-2960-4a58-9c48-8bb46af99750,0.848
1219,cb855936-39c4-4991-a3e6-de634100aac9,0.9431818181818182
1220,ccb40cef-0cb8-42ec-b7a6-1b664d2ab9c5,0.9888888888888889
1221,ccbb58c1-87e4-4e86-8744-2414b3480479,0.9668874172185431
1222,cd39877f-0a80-40a3-9aad-afa1157bc907,0.9887640449438202
1223,cd65738b-9512-4b8c-9f48-7ae956dbeccc,0.7529411764705882
1224,cd7dc8f8-6f55-4437-93e0-16fbe7b02579,0.9795918367346939
1225,cdc9714a-65e2-4bbd-b8e4-45bdc0f6d27c,0.9263157894736842
1226,cdfc03de-c283-4054-a446-891a770bcf4a,0.9805825242718447
1227,ce2bb9e4-3f89-4113-8d30-6c313fdae61f,0.8333333333333334
1228,ceb890ca-2f78-4668-8460-a7e9b4577d67,0.75
1229,ced79523-bdee-4628-9905-7aa3832d8884,1.0
1230,cee6ad5f-c217-468b-8e94-0ef52875a6d9,0.9560439560439561
1231,cf34986f-2066-440f-b599-6d9f7445147b,0.8596491228070176
1232,cf88c4df-ccf7-4f7b-beb7-88f948243d51,0.8811881188118812
1233,cfa45e49-23a6-4451-aa40-09da04e37c75,1.0
1234,cfbb953b-288b-4f55-b013-411b02a259ab,0.9615384615384616
1235,cffb0acd-e2cd-40af-be76-12b7a60f17ee,0.7931034482758621
1236,d066fa9e-8a6a-416d-97d4-151d7dc600d6,0.9823008849557522
1237,d075308f-373b-4e85-93f0-37be3cfe0f56,0.9368421052631579
1238,d084d97c-3940-4054-9d00-f60d91e5d056,0.9632352941176471
1239,d08e875b-b79e-44e0-a329-555b147a6376,1.0
1240,d0d63bbf-80b2-4bd9-a2a6-f700fb9d09c1,0.8818897637795275
1241,d1022567-0e61-4d82-859f-efb9d204360c,0.8928571428571429
1242,d10eb33d-7157-47fb-94b4-aedfde6cc983,0.967479674796748
1243,d10f5859-532c-40ea-9473-58e2cc7cc15a,0.7889908256880734
1244,d12c5707-cce8-4092-bcce-3176ae455f4c,0.9647887323943662
1245,d12fd2e3-0fbf-40b6-9914-7eccbf0561d0,0.9603960396039604
1246,d16c9945-636d-41a9-9d2e-250b0b740c1f,1.0
1247,d1730585-ea68-4543-aeb3-44d3e7f02684,0.9439252336448598
1248,d19a8480-80f6-4db0-8e79-19802d8b1369,0.9696969696969697
1249,d1b15958-27d5-40a9-8d08-a4589f9fe34e,1.0
1250,d1db768d-9088-42c7-9693-bc40f1b50034,0.8181818181818182
1251,d1e39b85-1878-4ce8-abe1-b4d06b333be1,0.9032258064516129
1252,d20404f4-cda0-4b4f-954c-0ee84c6bc929,0.9047619047619048
1253,d2ccf0c6-32fc-4d20-a025-2b4a0d7989e6,0.8352941176470589
1254,d2dba28d-4ebe-41ba-a95f-0fe84b5046ef,0.8349514563106796
1255,d31b50f2-0595-435c-906c-69b0638c9a48,0.9797979797979798
1256,d33205b0-833f-4fc3-8665-0e8907e99467,0.9626865671641791
1257,d3459c5a-f1d7-45ba-95aa-7b563d8e5c60,1.0
1258,d3ba7ace-0e71-4baa-8e4e-9633d4e74972,0.8732394366197183
1259,d3cd49a8-6281-4c70-a252-88ff55a4ad92,0.9622641509433962
1260,d40300ee-7248-4030-b6d1-33abf4d4fbc9,0.8571428571428571
1261,d408dde0-4981-444d-b210-929602654a3d,0.65625
1262,d414ad13-61d0-4633-9913-b6d9ad7b5014,0.9875
1263,d415f95a-ceb6-4930-adc3-be07dab5bbc0,0.959349593495935
1264,d4208f39-587e-48b5-bfcb-435566249148,0.8191489361702128
1265,d4856acb-9ec6-445d-8e94-b79e17be87fb,1.0
1266,d4aee029-2f2f-4389-9666-0156621659e7,0.7236842105263158
1267,d4d41674-d19a-4df4-b089-50c99985741c,0.6896551724137931
1268,d4e25a9c-3ec5-4f8d-95b4-77d88ab77108,0.8526315789473684
1269,d4efd246-4d02-4273-b5c0-3691fdff1afc,0.968421052631579
1270,d4fe6ff1-6382-435f-9ad0-9bba066b5e71,0.8817204301075269
1271,d5204b77-8c3d-4861-bc27-0809df3decd6,0.7925925925925926
1272,d54671c4-026a-4561-b250-889d91997a2b,0.9354838709677419
1273,d56a7777-4285-40cc-b35a-3dd9a3c4f6c6,0.9195402298850575
1274,d5812325-8741-447d-9e36-794b8f21ca66,0.9195402298850575
1275,d585ac48-b4b2-4af0-bf3d-6031a295a3f8,0.9183673469387755
1276,d58685e6-b1dc-4787-8276-d28394b94206,0.875
1277,d5a290ae-dc08-4f1a-8705-d89de7ba1cba,0.9602649006622517
1278,d5dce021-30c9-41ea-af46-33e9e823d401,0.8548387096774194
1279,d5ee7026-2d33-4936-b8e0-eef9af539363,0.8492063492063492
1280,d63d018f-bcfe-49dd-8f80-95c66f6b69c5,0.797979797979798
1281,d669e047-62c5-4981-8c9a-0166f9f44a8a,0.9574468085106383
1282,d69696f8-0a0d-43f4-8857-5d651cc76919,0.9895833333333334
1283,d6c7da3c-84a2-4a58-99cf-bad127f9375a,1.0
1284,d75d2c6d-587e-4121-88e8-34977742d734,0.8703703703703703
1285,d7995b33-d369-471e-8a68-792e46b47577,0.9914529914529915
1286,d7a7555f-b2ca-4d84-a3e2-122f9ae9b167,0.9743589743589743
1287,d804b7a5-78ec-49ef-89ba-b20d7e3a2061,0.9659090909090909
1288,d87b69d5-4aa1-4a2a-9e61-351b82fc5784,0.8571428571428571
1289,d8ce054e-9973-4c94-846a-09914f2699dc,0.9714285714285714
1290,d8d251a9-dfd2-4552-87a0-29f6b59e35cc,0.9391304347826087
1291,d945c325-7572-47e4-a1e6-619e7acf6edc,0.8901098901098901
1292,d953b21e-136c-4298-b0df-4bd1a7e0667e,0.8260869565217391
1293,d953ccb8-2375-4eec-ac7a-767e3a6a91a8,0.7428571428571429
1294,d95c040e-5b61-4cf0-8fe5-f77e62cc99ba,0.8828125
1295,d96e3a2c-a3aa-4ba3-b163-bdb7391de212,0.9056603773584906
1296,d9be48de-5027-4170-9dc6-4168efd4e49e,0.8181818181818182
1297,d9fee273-5de0-48eb-9e80-9802938a7669,0.9852941176470589
1298,da708f53-782c-45ff-bea3-b3592f010293,0.8790322580645161
1299,da746b4a-62a6-4634-9879-c1890f3a9fe9,0.8352941176470589
1300,da7b3e51-39e7-44a5-9b4f-bde95cc2ae9f,0.9139784946236559
1301,dabf639f-0aa5-44d9-80f6-fffa8e99f9a0,1.0
1302,daf3d49b-6f02-42a0-8d26-c8035536c6f5,0.9056603773584906
1303,dafb6a99-adb3-4c3a-bb0c-2100bbe85386,1.0
1304,db1a02d9-b667-4442-802c-bd6ef9899fae,1.0
1305,db3bb890-bcd7-47bb-9d20-4ed68fd28f2c,0.9
1306,db601e3c-2c2c-45b2-a090-84e4f16f5888,0.9557522123893806
1307,db97e657-63cb-4fb8-80a2-b7323825c9d7,0.7314814814814815
1308,dbb80d2d-3677-4711-b557-164759890d4f,0.9851851851851852
1309,dbd95779-ba55-47fd-ac90-d433863d4c74,0.970873786407767
1310,dc26634c-0952-4352-ab21-4502273f4172,0.8505747126436781
1311,dc282660-d847-4690-95b0-132a7affec97,0.7777777777777778
1312,dc2f7092-2511-4218-ae40-346f2a157223,0.9559748427672956
1313,dc7f80fe-675e-4745-8580-1bb22fc508fc,0.8764044943820225
1314,dc8db60e-09d4-4ef6-8412-09405e23f560,0.9655172413793104
1315,dd26f5f8-6a54-46dc-aa24-e37d5f4727c4,0.835820895522388
1316,dd6545f2-a4e4-4b51-bd7f-dc809d0170a2,0.9212598425196851
1317,dd7c3e94-f891-4749-8dc7-dbc3bb6bac34,0.9285714285714286
1318,dd9c640b-8a03-4c97-8585-cac1f1fda4a7,0.6
1319,ddec3e66-fa66-405b-86f5-aa21fb403e23,0.9891304347826086
1320,de0a9b22-1047-4e50-be9c-2f4509ad4caa,1.0
1321,de2f8366-3dac-4c30-b9a4-9f66449c810a,0.8773584905660378
1322,de47c73a-25ac-44e0-9fc9-9c3ab3be1f7b,0.9937106918238994
1323,de65df34-5eed-4fc9-a28f-ca1a8fc5b268,1.0
1324,de94e563-c67b-43ad-89d2-c358047d8693,0.9767441860465116
1325,dedb10d8-711e-4995-a998-0931a90dcaa2,0.75
1326,dee444b9-97cf-4f04-a7a0-e046780db781,0.9069767441860465
1327,dee6cad9-9207-497e-bfd0-5909c17fa95a,0.8099173553719008
1328,def6fc8e-2cca-4bb6-a7e7-5e942fb666fe,0.9801980198019802
1329,df2486b6-cd0e-4ec9-9eb7-b714bf6083f3,0.9912280701754386
1330,df317c6f-735c-463f-adef-b3c2ca94fdae,0.956989247311828
1331,df33d0f9-78a1-4460-83cd-887f2a5fb3f2,0.9862068965517241
1332,df43ca92-ce45-46f6-b94f-b6e7089d277e,0.8666666666666667
1333,df62f6a8-1514-4944-8bf2-222b793217ac,0.9204545454545454
1334,dfddcdcb-1812-486e-9250-1cd690c2287c,0.7692307692307693
1335,dfe0de21-9aca-4765-bf51-5fb9d4b116d5,0.9239130434782609
1336,dff40e57-834d-41a7-a30d-42194ddfffe1,0.8378378378378378
1337,e0191a50-4be1-4678-bf28-4f3a3eeb0922,0.8840579710144928
1338,e0537bbf-47de-453e-ad05-aa682c78bec6,0.9428571428571428
1339,e0831088-d2bc-4ca3-9839-a49adba088fa,0.8645833333333334
1340,e09052ee-bcfa-4192-854d-ae195faed61d,0.7037037037037037
1341,e0bde40a-137e-48f6-8ba6-847dc145113e,0.8602150537634409
1342,e0c8de1d-ab05-4d8f-88ac-d0dd58ea13c6,0.8736842105263158
1343,e0eef763-2c3b-4de4-ba51-eb80e9bf1fc3,0.9361702127659575
1344,e0f2b042-f277-4316-9a46-74d435ee882c,0.8189655172413793
1345,e0f734fa-906d-46f5-a81b-6cc0f95d0b92,0.9494949494949495
1346,e1207a3f-ee19-44e1-b019-d3d18c729db5,0.9915966386554622
1347,e1436a4c-b83f-4ab2-be08-4c67b80644b5,0.835820895522388
1348,e1495cee-31bb-4fe0-ad85-ddcd0d965e9a,0.8267716535433071
1349,e17fbdea-c94e-4092-944a-3d9a42b8f28b,0.9696969696969697
1350,e1897612-02e5-483b-9c11-74c27a3d1a3c,0.8518518518518519
1351,e18f50cc-5700-4b08-9836-131dbeacb136,0.8681318681318682
1352,e195e52a-770a-4550-8b0c-c48622e27581,0.984
1353,e19d8ea9-bd37-4930-ae9c-a145a417ad47,0.9156626506024096
1354,e21e1b69-ad7f-4db1-a9ad-ed30770ff324,0.954954954954955
1355,e22357d5-0660-4dfd-8d6a-8e15a9097d4e,0.72
1356,e2e2f8f4-69ce-47c5-92e0-8927e7fb7cc5,0.8952380952380953
1357,e319e251-ad60-4dc0-ab6a-b7de7a407b2c,0.8962962962962963
1358,e3528a51-5d2e-448b-9b11-8b38303f91cb,0.8823529411764706
1359,e37c2f1e-1302-46a0-a2c6-b04135323c0f,0.8817204301075269
1360,e398e7b4-3323-401a-ad11-6c34f87cb82a,0.8981481481481481
1361,e3a9034e-02a7-4cc2-8cbf-ef776c1d1301,0.8428571428571429
1362,e3b8ac26-cf6f-44b6-bf54-34c7b630ca20,0.7045454545454546
1363,e3bdbc32-4ce3-4e28-b3f9-1f0bb645b1ec,0.898876404494382
1364,e3c6ac5a-53f5-4eff-8c26-3d2a713febe9,0.90625
1365,e4645728-185e-4365-9fe7-ba5f658b7919,0.9537037037037037
1366,e46c151d-fbe0-4f9b-adfb-754ffeae2c5c,0.7204301075268817
1367,e48b87a9-a355-46b7-a92a-78ec656176bd,0.9705882352941176
1368,e4924c23-114f-4cfa-b0b3-dcf06d93980d,0.9245283018867925
1369,e49362ff-5e1b-4d98-9667-8ff532ffdf32,0.9021739130434783
1370,e4a722a7-c250-4375-abf7-3628189dcbd5,0.8389830508474576
1371,e4bb1983-c9ab-47a3-98c6-d5d01023819e,0.9923076923076923
1372,e4ca9af1-d45d-4147-b4b5-fcfd14f97954,0.7672413793103449
1373,e4e7c9ef-a5a7-4c8b-bbb4-dae987cbf8bb,0.9809523809523809
1374,e4f3a56f-19e3-4a1e-85af-7bfe123748e0,0.8958333333333334
1375,e512cabb-d05b-4aaa-877b-93eaa6f3f0f0,0.9693877551020408
1376,e55ef07f-b766-4fd6-8d6a-e9a57de4fd1e,0.6375
1377,e563055b-3221-4fd5-a61a-74fffd604436,0.9893617021276596
1378,e58b678d-2e6b-42b2-b328-169b973c699d,0.8043478260869565
1379,e592b3c3-0fa4-4bda-9d96-132c68c7ec5e,0.8818181818181818
1380,e599e608-7055-439a-8ec4-be3359dff599,0.9823008849557522
1381,e5b2f192-951b-4a4d-b491-92f9c56b57d0,0.8442622950819673
1382,e5df6583-d968-4713-9775-81d6f9a07003,0.7604166666666666
1383,e5eebe83-b1d8-4897-b7de-70c57b7778d4,0.8804347826086957
1384,e641bb46-45a3-4db5-ab63-7590ac8aff5f,0.979381443298969
1385,e64652d3-2730-426e-a5cd-1bc1ea70448c,0.965034965034965
1386,e660e5ee-0fb4-4d11-b70c-6edea1277109,0.8969072164948454
1387,e68d5e4e-060b-4f16-9c75-99d177a3638a,0.7757009345794392
1388,e695d437-ad41-4c11-a82f-730b87711c44,0.8983050847457628
1389,e6bf49bc-ff53-4983-b6dd-306e65ee3776,0.9595959595959596
1390,e6dfb652-a8dc-4c70-a96d-e832fa3248db,0.848
1391,e6f13826-be24-44c8-87bb-1fb28eb6b524,0.9858156028368794
1392,e7032095-cdb4-4d94-b1af-34d91aa35201,0.9495798319327731
1393,e7406295-cd3c-4348-91d7-77bd4bb97905,0.9587628865979382
1394,e7d85b39-447a-4d37-b571-0307767f1123,0.8983050847457628
1395,e82560c5-c756-4efe-b862-58c338a1ccf0,0.8166666666666667
1396,e846b2fd-2f9f-4804-9891-38903310fcef,0.9680851063829787
1397,e8771186-c99c-4757-b8f6-a52e7c7203b4,0.782608695652174
1398,e880741b-ebf3-42df-bd28-7d8ecf359608,0.9024390243902439
1399,e882d7d4-6281-40dd-b04d-03eef51ede87,0.7741935483870968
1400,e89c06d0-bb95-4e83-87c3-01c68647d879,0.7523809523809524
1401,e8a28216-58c1-4483-bc53-4531ee665f45,0.8172043010752689
1402,e8a8397d-bad1-4681-8193-2c6a63f2b573,0.863013698630137
1403,e8a85a6a-5fc3-47dc-9dd5-b74379c30517,1.0
1404,e8d94898-cac9-4e09-bef4-f193723f8143,0.8115942028985508
1405,e98f978f-caa5-45c7-85ee-d1b588a9fe1a,0.5769230769230769
1406,e99bc4be-2e32-49d5-8ecb-77dd097bde39,0.8354430379746836
1407,e9b18b9e-5d63-49fd-a81e-aad7a2081358,0.907563025210084
1408,e9bc8a1d-d0b4-4308-9377-54faba9851b1,0.8739495798319328
1409,e9e246e9-c413-4b6c-90bd-078baf70d831,0.8314606741573034
1410,ea0027c2-1826-4e78-8bfc-25d3df4f2b7d,0.967948717948718
1411,ea5dd8d5-a807-40fa-8c6e-d58ff48e71d6,0.948051948051948
1412,ea767322-1532-4c05-8a15-c9410419a9cb,0.8623188405797102
1413,ea9a54aa-989b-4ad5-8b3e-bc7c2534f8e8,0.7241379310344828
1414,eaa04d98-9718-4601-a721-20ffc934f603,0.9195402298850575
1415,ead9d8d0-24a5-43eb-8df9-83f1fe32bff5,0.9576271186440678
1416,eb00cfda-9078-4df1-9cef-e5e4b473c608,0.9568345323741008
1417,eb08c217-3e00-4454-a77d-2d802351e881,0.8461538461538461
1418,eb8665fe-dacf-4b1b-b8f7-94261ee63ecb,0.5892857142857143
1419,ebee2c8b-89b8-4539-a2a1-31789986cf04,0.9181818181818182
1420,ec38b664-ea86-48a2-9f7f-055b337152b7,0.9624060150375939
1421,ec4ccc4d-9a41-4901-a34d-787c3ebc222d,0.9635036496350365
1422,ec95f472-90b8-4c84-8c6c-11c2553bf157,0.9529411764705882
1423,ecc02b43-7fb3-4916-8227-6bfd152858e7,0.9150943396226415
1424,eccc80ac-34b4-4417-9382-4ff5012e0065,0.8295454545454546
1425,ecef7bd1-7797-43dc-a663-2478ea8b0b8a,0.9879518072289156
1426,ed2120d2-cc75-48e0-bacd-fe37ed7281a2,1.0
1427,ed480a86-12b3-4d49-8320-ab21b0f50112,0.7692307692307693
1428,ed4cb9a4-17a7-41ec-9a79-7c2d20252a30,0.75
1429,ed635c6e-7e33-437e-8254-1e682476a213,0.9743589743589743
1430,eda49ff8-4512-43d9-8897-9f3df67c571c,1.0
1431,edae1610-bcca-4228-a52f-e16931c4a99d,0.8876404494382022
1432,edebbf26-1e02-47d0-9551-8aee08df4df2,0.9042553191489362
1433,ee0ee847-2558-4739-8fe9-191eb74a9c85,0.8372093023255814
1434,ee11567a-1abd-4140-a344-896f868873b6,1.0
1435,ee8627e5-6f86-4f40-b03f-bfedb0b570c5,0.9861111111111112
1436,eeb5d869-bda9-49eb-966a-5c140e2fc410,0.7981651376146789
1437,eeccbb3e-2ec3-4d7f-8be3-5230cbebbe8c,0.896551724137931
1438,eee2d398-14d2-4c8b-856d-340cb94f6bb4,0.990909090909091
1439,ef522ec1-2877-4ae2-bd6e-89ce80529cbd,0.8979591836734694
1440,ef53118f-a803-4dcb-b4b3-b5639400962b,0.8658536585365854
1441,ef6e330f-0ec1-41b7-8c31-3dead8aedbcc,0.8303571428571429
1442,efce476b-bd43-4739-ab8b-6f103b73e13f,0.946236559139785
1443,f005a8ac-f1bb-4179-a15c-adc01e253f9f,0.8876404494382022
1444,f0286931-f7ab-47a9-baa9-e7bb618e9bfa,0.7391304347826086
1445,f04eef31-0a83-474b-b774-62b363b79931,0.76
1446,f0519934-1b6f-4ecc-a83c-904e1762197a,0.916083916083916
1447,f062a909-4343-40b0-bb85-d1e91949ee9a,0.92
1448,f0b81758-31c4-4d55-940a-fe04a08112e4,0.925
1449,f0bdc2ef-9ba6-41e6-867b-830d8df027d5,0.9690721649484536
1450,f10bb57d-b30f-4bbd-812c-cce3ab990942,0.9586776859504132
1451,f1263851-6b91-41b7-a7c7-e5e62a52230c,0.9166666666666666
1452,f162f3e4-8cd8-48ff-bea7-ff8dc50d898e,0.9761904761904762
1453,f17b81db-bdb7-445b-9df5-b07d8d7ad404,0.9891304347826086
1454,f1d70df2-7d69-4cb9-9cc6-27419dd26c79,0.9166666666666666
1455,f1daf69f-8686-41ac-a8e5-dfef259dd599,0.8901098901098901
1456,f1df928a-ce8e-48a2-907b-8999418a1ae6,0.8292682926829268
1457,f1e5573a-09f3-4842-9ff5-ae3c40748d5a,1.0
1458,f22d4bfa-21c6-43c0-921c-704df105ce36,0.8671328671328671
1459,f2590ae8-0c0c-4d35-8d0e-934b33b0936e,0.979381443298969
1460,f270809d-915b-4889-a607-1faf44d63d6a,0.9693877551020408
1461,f2748d6f-1210-42ec-853e-e3843ea49959,0.7058823529411765
1462,f27a015b-25a4-4457-959d-402464df0549,0.8333333333333334
1463,f29357c7-bc20-4abe-85c2-f4326b71119e,0.9101123595505618
1464,f2d7a383-4a50-4e66-95fc-406f4c1d1396,0.8416666666666667
1465,f34689cc-bc89-4269-8dfd-11cb6c2402e9,0.9787234042553191
1466,f35ea369-9e03-424e-85bb-5a5c5c6300e9,0.9513888888888888
1467,f3a8dd6d-b117-4b72-b9c6-c8c7056537db,0.9636363636363636
1468,f3b36812-43df-428e-b4aa-120d7ad14f36,0.9761904761904762
1469,f3b92b8e-c897-4ba6-986d-2ba924218f2b,0.8736842105263158
1470,f3ce18d2-9982-4ef7-b32c-6b9492d5bd75,0.8876404494382022
1471,f3dc2e8d-b777-441e-bb0e-30346c17f934,1.0
1472,f3df4330-c31c-4306-955b-9fe6c39cbabf,0.9693877551020408
1473,f3ed9815-efb5-4700-8afd-362eab667190,0.984251968503937
1474,f3f8ae28-e227-4217-a277-fafb4a0800a1,0.8
1475,f404bae0-34ff-40a5-ad34-2976fed38374,0.9381443298969072
1476,f4061642-db03-4121-b42d-0393e81dbcdb,0.8468468468468469
1477,f407141a-51c9-45e5-996b-1348cef4d4e5,0.9407894736842105
1478,f41a6f39-7ef3-445f-bdec-b64d541fb873,0.9423076923076923
1479,f41ec030-e495-4913-bfdd-534b32f66491,0.7777777777777778
1480,f43ea19c-b943-4870-8028-24e13f0b88c7,0.9905660377358491
1481,f442b201-9d2e-4b9d-bf9e-43f3f1c66841,0.95
1482,f452431f-cc42-4d67-839a-2990b7f51042,0.9910714285714286
1483,f47a1ddd-b00c-45b1-9d15-f433f88d1852,0.8522727272727273
1484,f4a5e43c-bd0f-4d52-a3bd-a3022ccee262,0.9895833333333334
1485,f4d0a556-ae0d-41be-afce-76e7e7b9644d,0.9586206896551724
1486,f4e7fb0e-b391-40d8-9a49-85fdf15f98e1,0.9294117647058824
1487,f50500bd-0e88-457e-b5ae-310d2d246274,0.9838709677419355
1488,f5065a56-8a01-492f-bfbd-14ed84769b7f,0.9900990099009901
1489,f51fd03c-0c68-411d-8359-5f13675d4725,0.7169811320754716
1490,f5715289-0723-44e4-8771-16e591eb9240,0.9156626506024096
1491,f5ae2ce3-bb19-4889-b6ca-aa8f3a68b2d0,0.9795918367346939
1492,f5d4e427-5da0-4970-a450-02b3de584b0c,0.7777777777777778
1493,f62b69c1-0448-460e-b039-3e14b08b01bc,0.85
1494,f6643485-b4bc-46ea-961a-9167089b5afb,0.958904109589041
1495,f68d04dc-6fd4-4abd-97d5-a4df1728eb0a,0.7671232876712328
1496,f6962e5c-7184-4082-8b31-f889b51a7e66,0.7906976744186046
1497,f6a33aef-e2d2-4b7f-9846-3936815f7b10,0.8913043478260869
1498,f6a6d130-4868-496c-9f10-8b089cb9193f,0.9560439560439561
1499,f6bbc006-357f-41e3-9216-a2c4fba5b1ef,0.8653846153846154
1500,f6c59f1f-1573-4cf2-a9a6-b0bdbd6f8fb6,0.968421052631579
1501,f6c70b99-9fc9-4a2b-803b-8fe02752de2d,0.8831168831168831
1502,f6d4dfab-fe35-4154-8c43-4ebd4733b16e,0.9652173913043478
1503,f6d652f6-4755-4c8c-8a65-963d63378668,0.9622641509433962
1504,f6e230bb-b509-466e-86f4-f8d283e4ed0e,0.8888888888888888
1505,f724deb6-30c8-43c9-9c83-2932ffdf2443,0.746031746031746
1506,f729ed17-055e-47c2-962c-f96c29afef6e,0.8688524590163934
1507,f7382777-f653-4966-aba1-b1b3262ef812,0.981651376146789
1508,f7937e50-9ccd-475b-a856-192dcd904f34,0.9896907216494846
1509,f79ab10e-78c4-4e4d-b01f-f2cd5230f831,0.8311688311688312
1510,f7b28356-dff4-4ce6-8d8f-f1b562b10e3d,0.97
1511,f81019d6-df2c-4164-9423-2bc839ae84f5,1.0
1512,f81249dc-2512-48af-950a-e15629483982,0.9345794392523364
1513,f86e6ff0-8520-429a-b063-b91a57fe8ae5,0.8735632183908046
1514,f8edc118-c5b8-42f0-ba5a-62ae959b0613,0.7913043478260869
1515,f8ede0e0-20ac-4e45-8fa9-e9679833d729,0.898876404494382
1516,f917e6bb-bedb-48b3-a188-eb11afc67844,0.9708029197080292
1517,f93938c2-54a2-47fe-ba45-705f37113bec,0.7974683544303798
1518,f9740283-f7fb-43d6-9353-ef1c03bbc698,0.9411764705882353
1519,f9777bc1-5d7e-465d-bd3d-775c941af043,1.0
1520,f983e15b-d7b3-467e-9863-6d6c6817a940,0.851063829787234
1521,f9acff39-1498-4c15-9eb0-b8af6e968e28,0.9509803921568627
1522,f9f271c4-45de-4882-a925-f9cfda53f888,0.967741935483871
1523,fa082b97-b6af-4e13-963f-e75b6535036c,0.85
1524,fa26ec03-1c30-40c2-8b8a-3df8ec0e6de2,0.9242424242424242
1525,fa3d011a-f548-4159-a05f-216cf20aa99c,0.9731543624161074
1526,fa47d35b-f17a-47fe-8524-a65983c11eaa,0.8389830508474576
1527,fa669b1e-d13d-4ce5-8550-1224aa159f19,0.883495145631068
1528,fa72a6a7-c58c-4354-b538-2a0eedd1d82b,0.9172932330827067
1529,fa7cf3c8-4b21-45c8-844f-a07d614a3ad5,0.9690721649484536
1530,fa827c2f-fa50-4ab6-bd23-3d913f772dfd,0.5909090909090909
1531,fa8aba98-cadb-46dd-9f5a-b60cca137b11,0.9191919191919192
1532,fad06f95-2547-4712-a5e9-930f38a86573,0.9716312056737588
1533,fad75490-152d-4c06-809c-e9a7afaa4bc4,0.97
1534,fb179599-075c-4ad7-a641-52e55a3e7601,0.8145161290322581
1535,fb7f5f72-9661-4d48-bcd5-01d5f6ae221e,0.8852459016393442
1536,fbdd221e-6fdb-428a-aafd-7a55fa86dff9,0.9210526315789473
1537,fc81b73e-7495-41d5-bb65-0985ca75583a,1.0
1538,fc86dff8-416b-41ec-b30a-47ef94d29a06,0.8928571428571429
1539,fc9329d7-7acb-465f-ae9b-af092eda21b9,0.8255813953488372
1540,fca569ff-4e60-4e11-9337-4fc984cb6d0b,0.8928571428571429
1541,fd250593-3983-4883-a99d-6f6c1c4aa694,1.0
1542,fd4b24c9-a352-4a78-b383-421bc4b41347,0.5175438596491229
1543,fd63c2ef-241b-46ae-a9a0-ad464a6d6185,1.0
1544,fd8db6c8-e82a-40c4-880c-9c15e2e7381f,0.9418604651162791
1545,fdfcf2f9-055e-427d-b547-e728d2ce234b,0.8817204301075269
1546,fe3ceb34-eb92-4ea5-a965-cb5554665218,0.8787878787878788
1547,fe44ab65-67ea-402a-9a88-09beccf3acaa,0.7727272727272727
1548,fe75817f-85d8-4df6-850d-1d7b39ea30ba,0.84
1549,fe7b1147-631c-4e54-a905-52622e5c45b5,0.9764705882352941
1550,febf7140-3c28-4b7e-8784-cfbbd760a00a,0.8390804597701149
1551,fef26ffb-2a04-47a0-93e0-b91d81f9c68c,0.9647058823529412
1552,ff0a8998-7bcc-4b05-8013-bcb6c57c91b2,0.9489795918367347
1553,ff0c54df-3a2a-46ac-a3c3-88653fa5fba4,0.8854166666666666
1554,ff1746fd-575d-40a3-8f45-31f4db6c1f5f,0.8625
1555,ff18e8e8-9f0c-4483-be47-510e69c9beb4,0.782258064516129
1556,ff432c98-bc60-44c5-94d0-06d8266d7613,1.0
1557,ff85550f-ff7f-4c86-b13e-c327c8d6defd,0.9495798319327731
1558,ff9215d2-3ee5-4952-acab-2a619bdd59f9,0.8913043478260869
1559,ff97afb3-c8cd-468a-857b-328868626a3c,0.8461538461538461
1560,fff55e39-6318-4b99-beea-89f977596462,0.8264462809917356
