,student_id,score
0,b20f15db-e55c-4066-9910-331480eb42c0,0.0
1,c83c8eec-b656-441d-9f75-f10c981f590a,28.863636363636363
2,9b3f30f0-9d78-4209-aa46-1beff8705122,30.0
3,0361085d-63da-48d7-ac0d-4ba1cb38bdce,30.18918918918919
4,73080562-d3d8-4753-ab04-96f38c2f7d39,43.75
5,fd4b24c9-a352-4a78-b383-421bc4b41347,54.8421052631579
6,57969254-b2bb-481f-8f0f-e50962cc5f75,58.13725490196079
7,9bc4957d-43d2-4a10-bd59-99dda6ed92b7,59.212765957446805
8,a64e1313-a283-4724-a2ad-b526db9e5012,59.229729729729726
9,0256fa1f-5ccc-4fc9-ae02-ee6743909347,59.888888888888886
10,64f29d4f-54e3-4ea4-a30d-f0aa60e40149,60.93055555555556
11,e98f978f-caa5-45c7-85ee-d1b588a9fe1a,62.44871794871795
12,eb8665fe-dacf-4b1b-b8f7-94261ee63ecb,62.982142857142854
13,dd9c640b-8a03-4c97-8585-cac1f1fda4a7,63.78333333333333
14,67a55c24-35ef-4c26-8752-dfd2f53ef06d,63.981818181818184
15,054f7b70-df05-4916-a2be-6bd6849dd2ec,64.07843137254902
16,fa827c2f-fa50-4ab6-bd23-3d913f772dfd,64.29545454545455
17,5d744a86-553d-46d3-98e6-ba38bac1c817,64.66666666666667
18,12370a60-534c-49d9-8870-6177afe0a015,65.18518518518519
19,d408dde0-4981-444d-b210-929602654a3d,65.78125
20,99f4bd3b-7a05-4bdd-a46a-84e65a0a84e4,66.58536585365853
21,926a06a4-9655-481e-ae62-cff7b2252d0c,66.66666666666667
22,c9975dfc-b5c7-4e8a-880d-e5174503c273,67.91891891891892
23,9e185873-6715-44ab-8892-ece63fee5513,68.425
24,90028be3-03df-42c7-898b-0c1ae02a651a,68.75
25,44a1f76e-9c49-4ef1-ab7c-e4d9e2ed51cc,69.02564102564102
26,4397c416-b90d-4c6a-b6ad-75d51a04a2cf,69.14285714285714
27,e55ef07f-b766-4fd6-8d6a-e9a57de4fd1e,69.275
28,0ac63b9c-4354-4111-873d-52c711f0a2c0,69.38356164383562
29,477fccbc-e9a7-4168-9f46-b4d458a852e6,69.57407407407408
30,356d914e-1127-4499-a0f8-e452546abe99,70.0
31,02b8fd3c-3ce8-47b7-83ec-4d64960a9007,70.08474576271186
32,ba06ee35-1531-4e97-8870-e4b108f4372b,70.5
33,e3b8ac26-cf6f-44b6-bf54-34c7b630ca20,70.9090909090909
34,44530cc7-afdc-482c-b8a0-2f1f7ebdaa06,71.47674418604652
35,a80bede2-7080-4caa-b610-654617ce555b,71.72727272727273
36,d4d41674-d19a-4df4-b089-50c99985741c,71.73563218390805
37,7e178610-a013-4e9b-bdfc-eedb76b904b3,71.92436974789916
38,22cd66f1-de65-4b0b-88a0-b5bbb8644622,72.0945945945946
39,e09052ee-bcfa-4192-854d-ae195faed61d,72.12345679012346
40,7d8d5e65-9d8a-449b-a99a-85bd9af059e9,72.55319148936171
41,9ef2585d-42eb-4b03-bb31-cba3ac06333c,72.65060240963855
42,65875c12-6a55-44ab-bc7d-0410c6f306c5,72.70175438596492
43,c2000aa9-7af1-4959-8624-ec948952f753,72.80645161290323
44,8a4c626d-8d93-4f9e-bbab-0c6416ecc455,72.95
45,15b54d42-a944-4b0e-9f8e-6a22c48dbc07,72.96511627906976
46,c065d2dc-9f6c-4c45-a4d5-acc5e411cb8c,73.29761904761905
47,89ac7645-d2cf-407c-8383-76536b663336,73.66666666666667
48,14ad74a0-ea3a-485e-bd00-1aec7e835acc,73.69411764705882
49,e22357d5-0660-4dfd-8d6a-8e15a9097d4e,73.73333333333333
50,1175d753-491e-40eb-8557-9c5838021c0c,73.75531914893617
51,9e5ea269-7ca7-4b25-8f3b-b686a2df6016,73.91228070175438
52,38c3ea4b-c54d-4f2e-9f06-a8d163dc15b8,73.94520547945206
53,a1c8c242-9eef-4a40-890c-a4b8cffe4115,74.18072289156626
54,d4aee029-2f2f-4389-9666-0156621659e7,74.52631578947368
55,c10e4e20-0304-407e-884c-384373a9c36f,74.60227272727273
56,f2748d6f-1210-42ec-853e-e3843ea49959,74.6470588235294
57,16b16d74-e229-4c99-af2c-470ab10ac444,74.6864406779661
58,3026b55f-ab26-4642-984a-54e6c5205644,74.96875
59,cad14bc1-36dd-441f-94b5-08345a7d341a,75.0
60,0bb0f615-5c40-4e1b-972a-445cc8046d19,75.11494252873563
61,d953ccb8-2375-4eec-ac7a-767e3a6a91a8,75.14285714285714
62,9fca7208-2d84-4ac9-921f-5b06fbe00004,75.34482758620689
63,36101564-df78-4dfd-91c9-bbfc8384235a,75.675
64,46419fec-d312-44a6-b28c-878bbec3d299,75.70238095238095
65,f51fd03c-0c68-411d-8359-5f13675d4725,75.90566037735849
66,ceb890ca-2f78-4668-8460-a7e9b4577d67,75.98214285714286
67,7b546914-fa8c-4830-998f-f3e1eab6a446,75.98648648648648
68,6c847c31-f4dc-4053-899d-b8439cfe9148,76.05319148936171
69,a208635c-39b5-4356-8d5c-c8d373db4d0f,76.17808219178082
70,aa9dd756-e3a1-49b0-82bb-319e55acb5bf,76.23404255319149
71,ed4cb9a4-17a7-41ec-9a79-7c2d20252a30,76.25
72,13fc31de-8cb0-4aa6-a77b-1cda26e243ca,76.25581395348837
73,63127efb-28f5-4938-9719-3619ab3550ea,76.27611940298507
74,5efe6182-9ff5-40eb-a599-bda775c1b95c,76.37333333333333
75,96977dae-e340-4321-a9eb-ebab6f2b16e9,76.39240506329114
76,3a6f3d9b-5003-4414-a06d-987feacbebbc,76.4225352112676
77,e46c151d-fbe0-4f9b-adfb-754ffeae2c5c,76.73118279569893
78,01c4ce91-6adb-4380-b6d4-9f0e2ab023e6,76.76767676767676
79,87806eb3-9706-484e-8cac-454e1f83f97c,76.78947368421052
80,17e38f2e-4fc2-4a5f-96c3-ba4fbc2956a8,76.81188118811882
81,db97e657-63cb-4fb8-80a2-b7323825c9d7,76.81481481481481
82,dfddcdcb-1812-486e-9250-1cd690c2287c,76.92307692307692
83,1b68a12d-d82e-4ae7-bd06-c91dcad6018f,77.01298701298701
84,6e17ee7b-b49b-4d95-aadd-959a8344dc02,77.01388888888889
85,f724deb6-30c8-43c9-9c83-2932ffdf2443,77.12698412698413
86,380117b1-2145-4f11-b6d8-eef5b15c1986,77.13
87,f68d04dc-6fd4-4abd-97d5-a4df1728eb0a,77.1917808219178
88,f0286931-f7ab-47a9-baa9-e7bb618e9bfa,77.19565217391305
89,b56e18fe-51b2-45e6-a3cc-1b742495862e,77.33898305084746
90,397c5ee1-238a-49a8-8a4a-ab2e6a0417f2,77.42528735632185
91,ea9a54aa-989b-4ad5-8b3e-bc7c2534f8e8,77.49425287356321
92,131666fc-6601-4c70-a223-5c4f5911de41,77.6547619047619
93,55e6d172-172f-4f50-a406-5ab979f25d23,77.7032967032967
94,b580fc5b-d6be-4639-a499-4e2d8963bb4e,77.85714285714286
95,06362a71-a5e1-4f17-bdda-824f02febbea,77.96825396825396
96,3987df39-5e16-4a13-af20-33f63ae5da42,78.0
97,ba9d8b23-a958-4f2b-8a00-90c9b276ee62,78.02727272727273
98,418983cd-f653-4235-bf85-774393023cae,78.03333333333333
99,a5d1fedb-3d3f-4555-bc8d-9133ab760c12,78.03703703703704
100,26b86fcb-63f0-43de-b53b-c9a825ca1d62,78.11111111111111
101,1c967466-5002-495e-bc70-70a6079e227b,78.17708333333333
102,41752b27-a744-4a99-951c-4c043c6a1550,78.18055555555556
103,0f353d96-2daf-4833-9173-4c65a7a7803f,78.20224719101124
104,21efed84-25c8-4abd-8b1a-7e885873541a,78.28947368421052
105,06c267f9-4569-438e-9f67-e6a55114e414,78.3076923076923
106,e4ca9af1-d45d-4147-b4b5-fcfd14f97954,78.31896551724138
107,97b50611-b8b2-4357-ac37-87296244b069,78.36082474226804
108,19082f97-992f-4bbd-bf29-4da2392c1c43,78.3695652173913
109,9291e1d6-3d78-46f0-ab93-08f7ddd7c6ca,78.42391304347827
110,8e76c1f9-6b76-4fca-a92a-960479ab5759,78.46739130434783
111,e5df6583-d968-4713-9775-81d6f9a07003,78.51041666666667
112,5c9ed5e9-1e77-4700-9fd6-bbf014505c43,78.63725490196079
113,ff18e8e8-9f0c-4483-be47-510e69c9beb4,78.66935483870968
114,2da3f063-aea0-4952-bb79-160a5b439693,78.67032967032966
115,94d651ac-985a-4ce2-8c37-baa61b721155,78.68103448275862
116,9b02b1f8-5248-4724-987d-cad8e93fbb06,78.78
117,a2e347a7-39f6-46f5-93f8-af65ec444702,78.79310344827586
118,31f8d15a-3be2-466a-bf8a-f7322caecf8b,78.81395348837209
119,dedb10d8-711e-4995-a998-0931a90dcaa2,78.82954545454545
120,65f3fbff-826f-43c7-ada9-d77e9e427efa,78.86274509803921
121,01731d88-8fb2-4cc3-a939-96e2ce45b323,78.86904761904762
122,106bf391-2d87-44f8-b870-2aff07dcb7c3,78.94318181818181
123,ed480a86-12b3-4d49-8320-ab21b0f50112,79.02307692307693
124,a24ad67a-971b-4e0d-9269-7f1f09d90c6c,79.0625
125,67136c6d-6083-43a3-8e61-ed154c0acd51,79.1140350877193
126,6f46d7e3-56fe-4b95-8747-d62b29db4c90,79.14563106796116
127,e882d7d4-6281-40dd-b04d-03eef51ede87,79.19354838709677
128,c4bb2bf8-6921-4529-aaa8-612f05215dc7,79.20289855072464
129,10176bcf-0e25-43e3-86dd-3011a77d6013,79.25925925925925
130,f5d4e427-5da0-4970-a450-02b3de584b0c,79.29629629629629
131,e8771186-c99c-4757-b8f6-a52e7c7203b4,79.33695652173913
132,7df22c99-d84d-473b-a515-6619bc01600d,79.3644859813084
133,d10f5859-532c-40ea-9473-58e2cc7cc15a,79.58715596330275
134,dc282660-d847-4690-95b0-132a7affec97,79.61111111111111
135,f41ec030-e495-4913-bfdd-534b32f66491,79.81481481481481
136,cd65738b-9512-4b8c-9f48-7ae956dbeccc,79.90588235294118
137,66431464-37b0-4f1e-a8a9-70be9a7b2298,80.06666666666666
138,00bf99ee-ac34-473a-978f-bb9c2a7e2d14,80.0909090909091
139,66df06d0-cdc1-4e67-abb3-1954d65e66bb,80.0909090909091
140,d5204b77-8c3d-4861-bc27-0809df3decd6,80.19259259259259
141,5a587804-f92b-434b-92da-15cb30bb860a,80.25925925925925
142,76e7f513-626a-40f7-841f-b73c198277a6,80.26923076923077
143,e89c06d0-bb95-4e83-87c3-01c68647d879,80.27619047619048
144,3aa472a2-9b28-4115-b9e8-7660470c7adf,80.36936936936937
145,9f0c6b56-3bcc-431f-85f7-170846ca22a6,80.38053097345133
146,7e607c1d-0bd9-47b7-a561-66d619ac5d8a,80.40350877192982
147,416610cf-9fe1-4343-8817-0ab7410cb3f4,80.46464646464646
148,cffb0acd-e2cd-40af-be76-12b7a60f17ee,80.48275862068965
149,44b148ef-ec0c-4f6f-a375-c97843ff9ca1,80.54128440366972
150,82ce4452-6d57-4329-9dd2-5a3246de3b94,80.63492063492063
151,b367bc25-ee1c-489b-9fe0-e0803f6a61a4,80.67021276595744
152,336d4219-498c-4ffe-a914-9c636563a9a1,80.67816091954023
153,aa3e7d70-1b87-42a3-8bc7-593c19c15a39,80.72448979591837
154,580b2f54-f7b2-40fc-a826-831cf832e864,80.83333333333333
155,a1e4613d-0f45-498d-a87a-fb6cdd9b6c97,80.83516483516483
156,cabb2b8a-1a05-4baf-95b1-26f3d00656a7,80.9493670886076
157,27069bae-af99-4e64-bc21-1b10cb162189,80.95238095238095
158,3798d448-62db-4751-8039-90aefa6a23cf,81.08333333333333
159,9a66d5b6-eb01-4179-be34-24eb7105456c,81.08421052631579
160,eeb5d869-bda9-49eb-966a-5c140e2fc410,81.09174311926606
161,0972a244-4003-423e-824b-094019e5c23f,81.14285714285714
162,fe44ab65-67ea-402a-9a88-09beccf3acaa,81.16666666666667
163,992e0e02-eae8-4215-a5ab-e533fc71533f,81.22093023255815
164,5da6f15e-75f9-4cb5-83b9-c5d81af80558,81.24778761061947
165,a68dc910-4d23-48d6-b4e6-7c13dbb6412a,81.25
166,54087bf9-87ce-4191-baf8-29193f04e76b,81.28
167,843cd7fe-5fa4-477d-a9b0-dd9de6a217c4,81.3103448275862
168,f8edc118-c5b8-42f0-ba5a-62ae959b0613,81.34782608695652
169,175d6165-2dbd-4e13-89ba-320c2bca8fb7,81.37068965517241
170,f93938c2-54a2-47fe-ba45-705f37113bec,81.39240506329114
171,356dad1b-b845-4ee1-82f4-49e0c1f4a543,81.46666666666667
172,f6962e5c-7184-4082-8b31-f889b51a7e66,81.48062015503876
173,5bd0639c-9daa-4fd5-adc3-914b96aa3ce2,81.53333333333333
174,904b6392-a5ca-4430-873e-12dde09084c4,81.55555555555556
175,3f023640-7184-4a83-8a8f-e95a7e1939bd,81.58823529411765
176,acfcc225-eda6-4e8a-a8f0-f4668390b9f5,81.60714285714286
177,107e1cd2-6c85-4b1a-b5c6-5c75538679cc,81.63309352517986
178,8c99b516-c5c9-4e46-9dc7-6fdf6e424245,81.6547619047619
179,699dda78-65bf-4237-9000-7511f32f7282,81.68539325842697
180,bc605d75-63ea-4630-afe6-b1877520411c,81.70642201834862
181,b91753ea-3f5f-4609-8f01-08c5c077edbe,81.71153846153847
182,8631a79d-555e-4beb-80af-728d5bc6810c,81.73831775700934
183,606435a8-b16c-4101-81c2-9f768739cd3a,81.78021978021978
184,f3f8ae28-e227-4217-a277-fafb4a0800a1,81.8
185,1929440f-debf-492f-90e3-f056c286cf3c,81.84415584415585
186,a8fb5019-a263-45b9-b61c-97feadfe84dc,81.85858585858585
187,cabe70b3-dcaf-4aaf-a0c7-96adaa1bb35b,81.9113924050633
188,a98bc88b-6fb5-4da5-8bf9-5db12b336c6f,81.96551724137932
189,8a89faa9-dc57-4db9-ac0b-60dcdd018d54,82.04761904761905
190,8eb8f74b-dcec-4828-b8da-fccf1e5c6d8b,82.05479452054794
191,99104a86-dbd3-461b-95b0-079df8eb28eb,82.05940594059406
192,0fa8c096-b4ee-4161-a793-845789295327,82.0774647887324
193,2a8eafc0-6241-421b-9f17-0164879ae04b,82.15294117647059
194,98a4d50e-28b4-4e4e-a337-02a4bc36eb30,82.15384615384616
195,c835c624-253d-43bf-ad34-2b8f245899c1,82.21951219512195
196,1fb2a6ad-25dd-4dc6-85b1-a72d650ddc8f,82.26262626262626
197,1eac3fbf-59ad-4718-98ae-5e454faecdb7,82.32142857142857
198,e68d5e4e-060b-4f16-9c75-99d177a3638a,82.3644859813084
199,90862593-2344-48f3-a7ac-999b7f94340e,82.36585365853658
200,7830dfc1-8d6a-487e-9f41-a140dfec31c3,82.42105263157895
201,0c105db4-f668-4b6d-9b3d-49b7f5cb90a2,82.43859649122807
202,21aee73d-3624-4ffc-bd98-3596583b9f51,82.44642857142857
203,d63d018f-bcfe-49dd-8f80-95c66f6b69c5,82.48484848484848
204,b7e0399f-0eb8-4185-81d6-e1879c1bf117,82.53571428571429
205,2ea650b4-12dd-4f71-9ffe-4cde2e8758e9,82.6036036036036
206,94b5c88f-aa34-447a-8acc-9dd0440234d8,82.60416666666667
207,a960cadd-a827-4f76-b71f-da9b161e3488,82.66666666666667
208,d1db768d-9088-42c7-9693-bc40f1b50034,82.69421487603306
209,82f8ff38-2c38-46d2-9789-145a97ccb8c4,82.69767441860465
210,89708b77-9849-4d9e-ba1a-96f0318409f6,82.75949367088607
211,4ac2d218-ba3e-4929-97d0-13b8db8ddfff,82.83870967741936
212,66747bce-0f30-47d2-b9c4-9687a7f40be8,82.83928571428571
213,e82560c5-c756-4efe-b862-58c338a1ccf0,82.85833333333333
214,11dbf213-73b0-4458-ab43-99f0ba72757f,82.87878787878788
215,20d10d70-78b0-41fd-b71a-1b3230c6b8c1,82.90090090090091
216,557bb2d1-7adc-49c2-ba36-9465d0ec30c5,82.93406593406593
217,ae4dbe7d-40a3-468c-987d-504a415c13a4,82.93478260869566
218,4fab04ed-195a-49ff-a1cd-03149c868c41,82.94520547945206
219,b60892cd-95ea-4cd3-a703-9b55fe987818,82.9622641509434
220,c3edae55-9374-46b3-ab99-ae1b75cfc7f8,82.96460176991151
221,8fbb9228-d519-4402-84b1-a9a19714e073,82.9746835443038
222,e0f2b042-f277-4316-9a46-74d435ee882c,83.01724137931035
223,287a999d-3605-490b-b5fd-2503d8b2ec7f,83.02352941176471
224,0f45519b-550f-4ccc-9983-8e9d32e7dd9b,83.03448275862068
225,e8d94898-cac9-4e09-bef4-f193723f8143,83.04347826086956
226,41e1e1df-0192-46da-a175-36977e5db33d,83.07692307692308
227,07c00109-f0fc-48e5-b18a-2092d964747b,83.13793103448276
228,5909c220-589c-4367-8a52-2671e1de0c99,83.22033898305085
229,c84c1abc-e4a8-4fd7-93af-9e02f7ac4861,83.26373626373626
230,384b4f1b-1049-493f-92ed-c2f903eda396,83.26373626373626
231,305f3b06-3119-4010-ba1b-26b9617e4b32,83.28048780487805
232,102c164f-36f0-4a78-b853-eae27c29ebbf,83.34939759036145
233,dee6cad9-9207-497e-bfd0-5909c17fa95a,83.46280991735537
234,d9be48de-5027-4170-9dc6-4168efd4e49e,83.46464646464646
235,a531e922-bb9b-47fb-88e3-f3733ca4d573,83.46902654867256
236,8d65fe0d-52ed-4db3-ab4f-cb8a11eb8110,83.47368421052632
237,3e5ee1f7-4377-41a4-aef3-0c876b7ea917,83.51685393258427
238,14cad200-bd05-4299-bea5-959075faf33b,83.5609756097561
239,10cc6044-63f0-4a28-9b87-4de2498954db,83.5754716981132
240,9f2357bb-4ad2-46b4-ad48-2c970a802dff,83.59375
241,8b02a29a-abc6-42f0-b805-279ca67131a8,83.59649122807018
242,3b6355a8-5ba1-4c1f-82be-adf1fc46c0e3,83.66055045871559
243,c81b28db-0f99-4b43-a3b9-f5577d568f55,83.66355140186916
244,20cc7d41-c8c0-4555-85d3-5e59478151f0,83.6697247706422
245,e58b678d-2e6b-42b2-b328-169b973c699d,83.69565217391305
246,7ead9659-778c-4f23-b19c-6d5021a86fc0,83.79452054794521
247,8c35cea4-8105-45b5-8de8-93a858a189e2,83.79761904761905
248,2983ac93-2594-4935-b6a1-53634c1ea365,83.80357142857143
249,5a611026-504a-4726-9468-45b1d12fd1ca,83.80672268907563
250,d4208f39-587e-48b5-bfcb-435566249148,83.85106382978724
251,b860ff83-084f-40ba-9c18-a9e7efb52819,83.86666666666666
252,a990df50-5fde-497f-8b53-da3aa5515b63,83.8695652173913
253,435a9c61-235e-4363-a120-3a2e9799e1d4,83.93975903614458
254,b77f2f72-8915-48cf-823a-14d5ad5bf515,83.9908256880734
255,0ba0e1d4-6c8e-426a-bcda-d418cb3666da,84.0
256,4f6772d6-4b10-4de6-90b2-9e90695c7dd5,84.01418439716312
257,68403de7-c9ce-4149-896b-f5d4af173198,84.0340909090909
258,8c8300ca-cea2-492c-8d7e-fcfd6fbe5323,84.05555555555556
259,27281001-104e-4bee-95f6-cddd806159b1,84.11363636363636
260,c82ee0f1-8d7e-4d60-bb69-282afe5a1b93,84.14141414141415
261,84d55312-409f-4a77-8155-421cb2504efe,84.15277777777777
262,9dab0519-9b0f-4c46-88ea-67878b9d6df5,84.16216216216216
263,fc9329d7-7acb-465f-ae9b-af092eda21b9,84.16279069767442
264,00bf32fa-11e7-4593-bac5-e576f255f849,84.17142857142858
265,7dd9b46c-48a7-4efc-a1dd-df969911a6db,84.19354838709677
266,b8f6463e-f5c1-433d-8480-c266ecda373a,84.2
267,7a3f44ca-2f1c-4c89-a390-eec1cf71cf7e,84.22727272727273
268,f04eef31-0a83-474b-b774-62b363b79931,84.24
269,e1495cee-31bb-4fe0-ad85-ddcd0d965e9a,84.26771653543307
270,fb179599-075c-4ad7-a641-52e55a3e7601,84.28225806451613
271,ef6e330f-0ec1-41b7-8c31-3dead8aedbcc,84.30357142857143
272,f79ab10e-78c4-4e4d-b01f-f2cd5230f831,84.31168831168831
273,7033da75-4ed0-4d1d-b940-f6d1621992ae,84.3125
274,f27a015b-25a4-4457-959d-402464df0549,84.34444444444445
275,9ca17fd8-fcbf-499c-b176-86bcdb0fc1fa,84.45161290322581
276,4d371df2-c6f4-42c1-bf02-bb770899b50e,84.45454545454545
277,a9da335d-0701-4752-89e1-c96c84bbb534,84.48275862068965
278,155eb363-c461-456e-b6f5-48041ad9d2ca,84.52222222222223
279,11ba39b2-2da4-4c96-a486-2d857ff09338,84.54929577464789
280,e9e246e9-c413-4b6c-90bd-078baf70d831,84.56179775280899
281,b4a2e40f-75ff-4672-9496-bea452d50d2b,84.57723577235772
282,c53a75f6-b056-42c0-982a-21e47ad577fb,84.5774647887324
283,76e48e8f-4a24-4eca-a011-075ccf865809,84.59803921568627
284,e8a28216-58c1-4483-bc53-4531ee665f45,84.65591397849462
285,f2d7a383-4a50-4e66-95fc-406f4c1d1396,84.70833333333333
286,e3a9034e-02a7-4cc2-8cbf-ef776c1d1301,84.74285714285715
287,d953b21e-136c-4298-b0df-4bd1a7e0667e,84.78260869565217
288,53eb4e82-9180-490a-99d1-092ac5927ab2,84.78813559322033
289,a2b67cef-7968-4bc0-99e7-e850ed4e6ff6,84.79761904761905
290,114a14bd-9f94-4f94-b073-dec8f6d0e1d6,84.808
291,5c02cb23-c513-45d5-9cdb-0c454f9abfef,84.84946236559139
292,10f3bdb7-0174-440e-a104-d228763997fd,84.88888888888889
293,927f57ec-a509-4314-8270-557282ef97a7,84.96694214876032
294,ab5391aa-ee95-46f1-8296-6f48b1cced13,85.0
295,69b60aa5-637d-4533-b8b8-05cddff302eb,85.02272727272727
296,284cea61-de6e-4970-9111-593bad2d8caf,85.04255319148936
297,ce2bb9e4-3f89-4113-8d30-6c313fdae61f,85.04901960784314
298,9fbeaf25-595b-48ef-a70a-7d7694230d6b,85.05050505050505
299,e4a722a7-c250-4375-abf7-3628189dcbd5,85.09322033898304
300,f1df928a-ce8e-48a2-907b-8999418a1ae6,85.10569105691057
301,a95f4415-944f-4c97-a993-e18e07411da3,85.1219512195122
302,9537dcb0-5d77-44b0-bdb4-35c394c71a06,85.16528925619835
303,da746b4a-62a6-4634-9879-c1890f3a9fe9,85.17647058823529
304,77a36072-c6b7-4728-aa77-894912352dbf,85.24806201550388
305,37e672ff-f3da-45d9-a2d8-76c2239cbfe3,85.25
306,65498c13-c280-44ce-9dff-6e8e52f4aea0,85.25531914893617
307,a9937276-9b4a-4549-9ac6-b4f846910612,85.30434782608695
308,8829ca37-e32f-4636-a5b0-d87b90dd8f12,85.3265306122449
309,bef02716-ac9f-4715-9686-11e2ceea6bcc,85.34444444444445
310,3c3c971a-29e0-45ad-ac84-b6a455bb1b9a,85.37037037037037
311,e1436a4c-b83f-4ab2-be08-4c67b80644b5,85.3731343283582
312,1e2322c3-c411-4472-8dc6-9532bba69748,85.44
313,ee0ee847-2558-4739-8fe9-191eb74a9c85,85.44186046511628
314,59f09f74-7035-4cf7-874c-5dedffbbb0e3,85.4453125
315,8ac87e6c-b4ba-4b4f-8875-35c012e6d095,85.44705882352942
316,fa47d35b-f17a-47fe-8524-a65983c11eaa,85.44915254237289
317,fff55e39-6318-4b99-beea-89f977596462,85.45454545454545
318,d2ccf0c6-32fc-4d20-a025-2b4a0d7989e6,85.47058823529412
319,e99bc4be-2e32-49d5-8ecb-77dd097bde39,85.48101265822785
320,9083dfa7-10e7-46a1-9711-81e21ccc3e5b,85.51470588235294
321,6b557713-372b-4a87-8feb-529f25002476,85.51960784313725
322,dff40e57-834d-41a7-a30d-42194ddfffe1,85.54954954954955
323,08b872a1-1cea-4ea6-8d79-aa52b2624ad0,85.59689922480621
324,2ff7873e-31fa-411f-9bdb-92f7f993e19e,85.60185185185185
325,eb08c217-3e00-4454-a77d-2d802351e881,85.6043956043956
326,a5061711-1f3c-40c6-af03-dedf73671533,85.63120567375887
327,04d4e4b6-2257-44fb-b906-55fd9ee3fa95,85.67375886524823
328,ab92f17f-604d-4c80-87b1-653fca423a96,85.68181818181819
329,dd26f5f8-6a54-46dc-aa24-e37d5f4727c4,85.7089552238806
330,1a18e912-e101-46f5-ad8f-ea688ab26b66,85.75581395348837
331,3191fc4f-980e-4693-b38c-1bf9d10619c6,85.7560975609756
332,7e84a80e-2d76-4d88-a7d8-a588e46576f8,85.82786885245902
333,e6dfb652-a8dc-4c70-a96d-e832fa3248db,85.832
334,7358f9f1-c79a-49d8-a09f-55d76486390e,85.83333333333333
335,0aff98ad-1f21-426b-a0e5-71f33fcbe6aa,85.87619047619047
336,423b83ff-e170-45ea-9c43-cef342b9bd8e,85.88
337,097b982a-e31d-417c-9d00-d4459419a669,85.88118811881188
338,909958fb-d850-4550-b458-352096734cd0,85.9051094890511
339,dc26634c-0952-4352-ab21-4502273f4172,85.94252873563218
340,bd62c1ca-c420-4cc1-9e88-b511a1b92f15,85.94285714285714
341,054379e5-27bf-4d64-8b95-92b800f99013,85.96039603960396
342,d2dba28d-4ebe-41ba-a95f-0fe84b5046ef,85.99029126213593
343,179e37cd-b777-4f9f-b890-a29db6c6e804,86.0
344,1b27c5fc-934b-4aa7-8140-f4d083c7a9d1,86.0
345,7e90a9ae-dc4d-424a-a327-4b95714755e3,86.01886792452831
346,be44c182-34c6-4f31-b3a5-dc0bf89b3e85,86.03361344537815
347,13de3e8d-e94a-47b9-a9e2-cdd7ca8c49da,86.04166666666667
348,3d6cc28e-ee26-4dfc-9e11-8dd4de9ac2de,86.04761904761905
349,d87b69d5-4aa1-4a2a-9e61-351b82fc5784,86.0989010989011
350,fe75817f-85d8-4df6-850d-1d7b39ea30ba,86.12
351,84dc7e5b-6d25-48be-b2c1-802e4b418b31,86.125
352,4124a1a1-733e-4681-9a21-4cdd96404abe,86.13978494623656
353,33bcc55c-c8ed-47e1-bc9f-257dc0f4edca,86.14285714285714
354,2f1f8a43-6787-4ce4-a864-6cc722d906eb,86.14285714285714
355,58abde4d-1aae-4f74-99d1-8f014ca50214,86.16901408450704
356,7e57ffb1-ee2a-4316-ab92-95ed91079a95,86.17647058823529
357,9a214c75-094d-4a2b-9084-6fd55e79bef3,86.17924528301887
358,9a82da7e-7bf1-489e-9a47-f49a4024ab31,86.2016806722689
359,8c0a3b09-cc62-4b4c-8f9e-4e175813d1bb,86.22619047619048
360,7257841d-8364-4e29-a6d9-cb8c4e28bc8b,86.23776223776224
361,21005c29-f380-48d7-b735-d6a9ce4cff30,86.28048780487805
362,ab300c9d-0299-4149-ba38-9be18555979e,86.29824561403508
363,3d94531b-88b1-4c65-a31e-a657345b0ac0,86.3076923076923
364,6031160f-c334-46db-af9b-bf02ce8f0670,86.3157894736842
365,47ba429b-a366-4bba-a206-eb4f6bc642a6,86.32846715328468
366,41f92a44-5133-4c0f-ba1d-aba25f035be3,86.33333333333333
367,6abe8a18-ea5c-4db6-90ae-1d6fe79f38c2,86.37288135593221
368,b11f66ea-490d-46fd-9d74-599702b728a0,86.38095238095238
369,6478cadb-748d-4f9f-ad07-099ec176263a,86.4
370,44be67d8-7b7a-4afe-8586-1d5400866f83,86.40322580645162
371,7097370b-1375-4f4a-96bf-9c160c8a79cf,86.40366972477064
372,f4061642-db03-4121-b42d-0393e81dbcdb,86.4054054054054
373,d5ee7026-2d33-4936-b8e0-eef9af539363,86.41269841269842
374,4582658b-b29d-4e63-bb7b-600ff996a3a9,86.42156862745098
375,39941874-de60-4e3e-bf83-2980a00d41d1,86.43589743589743
376,382fd229-5f50-4c88-b556-9f78d50b3f57,86.45901639344262
377,eccc80ac-34b4-4417-9382-4ff5012e0065,86.48863636363636
378,bd3ae533-7f18-4072-a024-3f9c1bb30cb8,86.51886792452831
379,08188682-e611-41c5-a1d3-7c98b8fbbf90,86.52459016393442
380,5d544c1c-a6b2-449f-a90f-df44b2e264c7,86.55681818181819
381,5c99e9b4-74fa-4507-b21e-dacb1685aba0,86.59574468085107
382,1e763b6f-dca1-436d-84cf-e6521101fa32,86.61682242990655
383,c5680471-b7c8-4c39-bf75-8a26b7a9b701,86.62037037037037
384,a33fede5-80bc-4ada-90ef-eecc09144ba7,86.66206896551724
385,19937d3b-2978-42dc-92e5-4a4ea67bb21d,86.66666666666667
386,9a55ff1a-4365-43dc-9ef5-b962076e9ecd,86.67058823529412
387,5d35fd32-d82a-4bb0-8d80-e98c230af08e,86.68131868131869
388,7f59c2bb-ba13-42e1-83c0-4abef9ea49b9,86.70114942528735
389,a5620c34-5218-416f-b48b-74ff857b1416,86.70175438596492
390,6426874a-f630-4d58-858b-eb0a04ed979c,86.73333333333333
391,5054dae0-158f-40f8-afb6-34cffa91359e,86.74712643678161
392,509ca1c5-8a88-4ba1-9810-69c2c1d9638f,86.76666666666667
393,f47a1ddd-b00c-45b1-9d15-f433f88d1852,86.81818181818181
394,bb70f85e-98a2-417a-ade4-5b76e1aabd1b,86.86868686868686
395,2564ed01-005f-4ee5-a864-6c90c30f2823,86.8695652173913
396,ff97afb3-c8cd-468a-857b-328868626a3c,86.87912087912088
397,57ec2133-feac-4748-bfe8-d314e4ec8c4f,86.8875
398,ad8f7bf0-837c-4626-8894-977f17baee87,86.95967741935483
399,c50a7ad6-668f-42e7-b5ff-be198de33a4a,86.96116504854369
400,82d3d26a-b19e-4810-abfe-4d59e3d62278,86.97777777777777
401,c7b514af-8e33-4679-9cf7-0c11dbfdd750,86.98412698412699
402,9c07ce3d-6cbf-4d14-b5a1-8eb52fdd397b,86.99047619047619
403,c2fe6518-6e0a-497b-903c-ace210e7548a,87.0
404,c947bff0-863d-404f-9c34-fc824c924632,87.01086956521739
405,63a96a7b-c92a-40e6-923a-7b52f06b16d7,87.01492537313433
406,9d63549e-86aa-41cc-ac66-4932f93f1600,87.01834862385321
407,16cbb7c2-1071-4bc3-a2cb-8badf1f6a8b4,87.03703703703704
408,f983e15b-d7b3-467e-9863-6d6c6817a940,87.05319148936171
409,2dfa7d93-e404-49ed-8806-72e0e1fe7fd2,87.05882352941177
410,5966d06d-981e-4758-aa46-ae87ce9f2bd3,87.06521739130434
411,3869fada-5870-4ec8-9fbe-3015952e5a2e,87.11340206185567
412,ef53118f-a803-4dcb-b4b3-b5639400962b,87.13414634146342
413,a9bb07b1-14f7-4ed7-8272-40368ac55440,87.14159292035399
414,e0831088-d2bc-4ca3-9839-a49adba088fa,87.14583333333333
415,31060bde-09a4-4d04-ac41-c5b8be8480a0,87.17592592592592
416,b54aa46a-18af-4747-ba71-60589e2e1acc,87.18348623853211
417,aafb4bca-1490-4108-961e-59016101f826,87.18478260869566
418,7e63dd4b-813c-4468-98f9-61cb9075dd90,87.19047619047619
419,a39d8bee-6a43-41c8-a5ce-3dd826ac251b,87.2156862745098
420,f62b69c1-0448-460e-b039-3e14b08b01bc,87.25
421,62818711-986f-4a4e-bf72-36f0f0135b36,87.28571428571429
422,c0013f47-86a3-48e7-833b-74b8740e6afc,87.3
423,df43ca92-ce45-46f6-b94f-b6e7089d277e,87.31428571428572
424,bc6d6a50-b8c4-47b0-aafa-2c5c45429b9d,87.32051282051282
425,8471988e-06ae-48e6-a39f-9f201597f07e,87.3391304347826
426,4c4b7722-5a56-4aaa-aa90-05454ff3ca84,87.36986301369863
427,03c762d0-5959-4f04-b7a4-1b79de10d18e,87.41025641025641
428,37c3efb9-1657-40e5-959f-6cf0a6cfef3d,87.41935483870968
429,736cf494-cee3-4742-a2de-4325a54a797f,87.45569620253164
430,608399de-79ff-4e6a-804d-e3608a9b655d,87.47058823529412
431,92253481-4025-4fc0-88b2-0bedd631f7e6,87.47252747252747
432,ff1746fd-575d-40a3-8f45-31f4db6c1f5f,87.4875
433,a4812176-2375-425e-a48b-b4ad5893d04a,87.5
434,f729ed17-055e-47c2-962c-f96c29afef6e,87.50819672131148
435,485090ff-8370-4440-b9c7-09dda313f491,87.51351351351352
436,6db53adc-88ba-4036-b2c6-524e5bb0a52c,87.6082474226804
437,2adf4ea8-5dd7-47d9-9689-13e41b7d05c1,87.60909090909091
438,6ae56dcc-9d88-4bcd-9a7e-1a0677f21309,87.62903225806451
439,bb15a2d1-0e6b-4114-bd21-cb698571a58b,87.65217391304348
440,9de04af3-2e1d-4c73-9431-782b47a9ef1b,87.66304347826087
441,b2e06ea1-c5ae-498e-a85d-9f5297de3427,87.66666666666667
442,e1897612-02e5-483b-9c11-74c27a3d1a3c,87.67901234567901
443,cafe218b-2960-4a58-9c48-8bb46af99750,87.72
444,f6bbc006-357f-41e3-9216-a2c4fba5b1ef,87.72115384615384
445,2d77d2a1-b1b6-4734-8814-a1b79d3044ee,87.75471698113208
446,6568780d-0f8b-441a-bb38-282b23b15905,87.76363636363637
447,a10d1a17-2bf7-4a77-b672-a11969bbbb1a,87.78494623655914
448,5ffa96bc-fb04-4f22-9ede-b90d098caf22,87.78761061946902
449,3de33683-880a-436f-b86a-57ec8cbe9544,87.80701754385964
450,630524b4-d144-4e00-9d4f-055b1ff8a589,87.816091954023
451,1b84e9c7-d22b-4768-a688-974eb9364442,87.81720430107526
452,d40300ee-7248-4030-b6d1-33abf4d4fbc9,87.8265306122449
453,007b3513-a877-44c0-b841-0a9ff14ef6b4,87.86170212765957
454,87192956-5e47-402a-a73c-7a6f9d7a556a,87.9126213592233
455,d5dce021-30c9-41ea-af46-33e9e823d401,87.94354838709677
456,b5ebe64a-df77-47d0-9f10-f83ff2bb0740,87.98496240601504
457,7b8268aa-bd7d-4194-9e0e-fce2b7c49529,87.99212598425197
458,ea767322-1532-4c05-8a15-c9410419a9cb,87.9927536231884
459,f22d4bfa-21c6-43c0-921c-704df105ce36,88.0
460,86edf627-3b4e-45a6-b8a1-a4f2888e43e1,88.03191489361703
461,c986ec4e-ce89-42e9-8097-91e39acc2f83,88.03389830508475
462,bf1b6093-5410-439c-8795-90f766c3385a,88.03539823008849
463,e0c8de1d-ab05-4d8f-88ac-d0dd58ea13c6,88.0421052631579
464,fa082b97-b6af-4e13-963f-e75b6535036c,88.05
465,bd763682-b0cf-4f7b-aabe-09596fc6a0e8,88.12230215827338
466,4fc0b478-f7b3-4e9d-81ab-f453f80d6c41,88.203125
467,d58685e6-b1dc-4787-8276-d28394b94206,88.20833333333333
468,81c7e944-47bb-44ce-8a04-d215e7ab8fdc,88.21487603305785
469,febf7140-3c28-4b7e-8784-cfbbd760a00a,88.22988505747126
470,484834a0-8104-4f9a-bc1a-d26d9b99f3ab,88.25842696629213
471,027d2b8e-d14d-428a-a33d-3adda62778c4,88.27826086956522
472,5e50139a-967c-44d0-a11c-f73d0e914d01,88.28
473,790afe55-b1d3-4469-972c-96b51a4dde25,88.2871287128713
474,07cf1014-70a7-421a-9551-20f3223413a2,88.3
475,987275b9-2af8-485d-a5fc-2006e8214a69,88.31067961165049
476,e5b2f192-951b-4a4d-b491-92f9c56b57d0,88.31967213114754
477,98435595-7e13-4459-afd4-aed63b1980a7,88.34166666666667
478,110f6e24-be91-40e0-9eb1-edcc3bb10b72,88.34615384615384
479,1df2469e-67cb-4689-bc22-0d5085705c75,88.35555555555555
480,e18f50cc-5700-4b08-9836-131dbeacb136,88.37362637362638
481,e0bde40a-137e-48f6-8ba6-847dc145113e,88.38709677419355
482,ad417a8b-d989-4feb-9ec1-a8ec484dbb8a,88.3932584269663
483,44773a80-3a6a-4c79-b8f9-4768c3a2bb7d,88.4
484,e8a8397d-bad1-4681-8193-2c6a63f2b573,88.41095890410959
485,24bf6ca4-7bb5-453e-b939-943e0dae1adf,88.4274193548387
486,35cdb8d6-6bf3-4f32-8cf0-d3dedae35b14,88.44444444444444
487,ab02df26-ae48-415c-bcca-ce762ae4c01a,88.45360824742268
488,5b9fa5e9-6bbb-4274-bf22-48006b2749b5,88.47058823529412
489,0307f9cf-af05-48a2-a8da-a8f53bfe77dd,88.51219512195122
490,81330bd6-f46f-4f0f-b15e-8390de2b3939,88.53260869565217
491,3972f60c-098c-477c-98ed-50e32b6ba5e9,88.54117647058824
492,8130cfd1-be4c-4dc9-bf24-a386c4141b19,88.54545454545455
493,53c2502d-97cc-4edc-bb76-82fa4c00fa4a,88.54782608695652
494,0a816cef-0189-4371-9687-25bea2811b40,88.54945054945055
495,8573f211-885c-4e7b-8e7b-53f49e168dd5,88.55555555555556
496,140ea24a-60ba-4283-8826-d888b7840289,88.5576923076923
497,344a4d1c-6c83-4cd2-8f47-756d11beff4c,88.56435643564356
498,66eb825e-1766-40ba-911d-26c782204f5b,88.58024691358025
499,9c3d2445-c2c5-45a6-9634-25c2e297abe8,88.61702127659575
500,dc7f80fe-675e-4745-8580-1bb22fc508fc,88.61797752808988
501,22f760fb-dbd2-4073-8c15-502130262373,88.62931034482759
502,a85dbd57-84ff-4d9f-9eff-b02616107120,88.63636363636364
503,fa669b1e-d13d-4ce5-8550-1224aa159f19,88.64077669902913
504,3c1325b6-4a94-4977-a4c1-f7015083c93f,88.6574074074074
505,07e5b7d0-04f3-41c0-833e-fad90db0739e,88.66666666666667
506,c38ba242-5670-48b0-82f8-a6d2ed80d1e0,88.67469879518072
507,6c598bb7-50d0-4c93-a15f-2af872328df9,88.6842105263158
508,e5eebe83-b1d8-4897-b7de-70c57b7778d4,88.69565217391305
509,bcb51037-0505-4c5b-885e-af33877da76f,88.71794871794872
510,1968bb53-f409-44c6-b0fa-d02441a1eab0,88.73015873015873
511,d3ba7ace-0e71-4baa-8e4e-9633d4e74972,88.73239436619718
512,beb4acdc-9417-41ae-953d-05120cb8a0cf,88.73626373626374
513,0f74b794-cfc5-403d-acd5-68a230f9f987,88.76344086021506
514,5461d1e8-28a2-4e39-85c3-939fbc56c1fc,88.80451127819549
515,888dfa3d-b583-4179-bfb7-e66a9d69a805,88.80882352941177
516,14a8cb73-9857-49d2-8b36-f57188a1c434,88.81720430107526
517,423b7c4a-2a02-40ec-8118-82a8a65f803c,88.88073394495413
518,b770e265-4ba2-472e-82db-5dc13df39aa8,88.88235294117646
519,648c604b-cade-4c35-bcf8-d47ce5786c3e,88.89285714285714
520,0e525692-eb3f-4bbf-adff-8f1afd3a579d,88.89312977099236
521,03f902a9-ec58-4e19-bb78-462557901cc5,88.91752577319588
522,8e5d31c9-d7d6-4fdb-975c-2f44c21b6b90,88.92727272727272
523,56d39653-5ba9-4bf7-939f-c3efe8eaf0e6,88.94059405940594
524,a52b0f56-06f0-4d21-8e81-1262ad620929,88.95098039215686
525,70e7190a-abb3-4ee7-814a-3137d917271b,88.95890410958904
526,b3f56b89-53d6-4085-bcf8-aeaf39682444,88.97802197802197
527,44162f3c-a72a-486b-ac5c-f1ebd8f87b6d,88.98113207547169
528,0c06d3df-f874-4f01-a962-703c0326831f,88.98969072164948
529,ae9a8cac-f09b-4cb6-9825-d164c834b941,89.0
530,0572bd3c-39ea-4191-98c1-6aa6dad54db3,89.02970297029702
531,58c743f4-21e0-46ce-a42c-738dbaad230b,89.04109589041096
532,23f04f04-ded5-400c-969d-0959c58f80b5,89.04411764705883
533,f3ce18d2-9982-4ef7-b32c-6b9492d5bd75,89.04494382022472
534,f3b92b8e-c897-4ba6-986d-2ba924218f2b,89.05263157894737
535,5613e5c5-47e9-4458-96f2-4a0f7b2f69fd,89.05357142857143
536,1462d01f-f14f-4d42-9394-9df3e5a80beb,89.06306306306307
537,1f0c8762-872f-4aa0-8b5e-d88e44cb41f1,89.09302325581395
538,16b19ec1-83ec-46ca-b9d7-0102902080b0,89.11578947368422
539,817b6bc5-1f6c-49d8-b444-1aba1f66b23f,89.13761467889908
540,5ecf8656-1b76-4a75-9004-b6e0112fb197,89.16666666666667
541,e3528a51-5d2e-448b-9b11-8b38303f91cb,89.16806722689076
542,14d1375b-7462-41d0-bc13-f71d9f887250,89.17821782178218
543,a24699aa-8072-48e2-bc9a-58f772a4e5df,89.1891891891892
544,5345c47f-b377-40af-8760-c50b97330f0e,89.19047619047619
545,e0191a50-4be1-4678-bf28-4f3a3eeb0922,89.20289855072464
546,07d0ad24-8b0b-4a35-88ca-d1e5ece53a28,89.22222222222223
547,2afcf4b7-ea51-4a7b-a550-ac079f039725,89.23148148148148
548,155f7e71-2d0c-4b63-b56b-6924906aa3f6,89.23863636363636
549,91584e15-4fa2-489e-b3eb-5c36f192fa56,89.24778761061947
550,58194b42-ca73-4735-8869-3d6b884ad0e3,89.24778761061947
551,b605395f-0f51-48db-bd8e-8d436a7e8e9a,89.25
552,2d3a04e4-7757-4706-977f-45e6a987688c,89.28260869565217
553,d0d63bbf-80b2-4bd9-a2a6-f700fb9d09c1,89.29133858267717
554,159c3749-f40d-4f52-a6e0-57568e780e03,89.3076923076923
555,d4e25a9c-3ec5-4f8d-95b4-77d88ab77108,89.3157894736842
556,29c6f2cd-bb39-4c7f-9584-f1222be588b7,89.31746031746032
557,2a82d376-c3aa-4b96-a0a6-2a67886b9967,89.32558139534883
558,2ac6c027-cab2-4d03-a1f3-a724a035c9eb,89.36206896551724
559,7ab3c116-f323-48d2-ae06-7e119c6b305a,89.36263736263736
560,acd0ade1-4ba4-4408-aa6e-4b8b754cf7bd,89.38461538461539
561,89362bfe-e29b-478f-a579-c21c8a7cf1e6,89.3883495145631
562,2a1d550d-bf07-40a3-9462-a696af0fa5c2,89.3913043478261
563,56bc8795-93e4-4869-91e7-15e51e93323c,89.39333333333333
564,29fe35b3-b316-4c11-bdac-39b8537ae72f,89.39655172413794
565,12d71729-0390-43d6-8c85-fcb67234c090,89.4
566,fb7f5f72-9661-4d48-bcd5-01d5f6ae221e,89.43442622950819
567,2c051ff4-b3ca-4535-b8f6-cf7025412c00,89.45652173913044
568,66492bbe-54eb-43ad-b5a5-36a5c924fb29,89.4578313253012
569,70ae0fc8-0fc0-4cb0-8401-445834242c25,89.47435897435898
570,594a4f9f-818f-4534-ac85-33311a9ed7a1,89.50925925925925
571,52722c34-4a78-49cb-80e6-335d49ead31e,89.51351351351352
572,fe3ceb34-eb92-4ea5-a965-cb5554665218,89.52525252525253
573,47367926-8400-43a7-a286-09ea32c97604,89.53571428571429
574,8e29cc75-30c8-47c3-af2e-b9d4e2718ee6,89.55223880597015
575,93f549b7-1598-4319-90ca-89e7d27d2130,89.55555555555556
576,c8767298-30b2-4925-84ad-39828538d578,89.5625
577,28b28034-851d-4829-a6b7-a0bc6d51ac5d,89.59821428571429
578,06ecb79d-515f-4520-a6f8-39a029b4a45d,89.60952380952381
579,9e5a9d04-9aa2-489d-a1d3-979b88194323,89.61206896551724
580,f1daf69f-8686-41ac-a8e5-dfef259dd599,89.61538461538461
581,b18d82c1-300c-48fc-8d14-3b9dc69cd5fd,89.62280701754386
582,76adaddf-97e4-4c07-9c07-43e7cfa97672,89.625
583,24daae69-1885-45cd-a7c7-805011a35c28,89.6260162601626
584,0c6b8734-a6cd-4a17-ab7c-ab48baa1d026,89.63
585,ae9dd83d-832d-4203-ace9-34ce1f57a33d,89.63194444444444
586,641333e7-4a6f-448c-b4c0-702cc513e1eb,89.63576158940397
587,8fc6eac8-e31d-4cf6-ac19-42a4ab5be8fe,89.63815789473684
588,87032bc0-8c58-4d45-9957-18a723b80c97,89.65384615384616
589,e9bc8a1d-d0b4-4308-9377-54faba9851b1,89.66386554621849
590,8e6da047-045a-4be3-ac88-f08854f793ef,89.67816091954023
591,cf34986f-2066-440f-b599-6d9f7445147b,89.69298245614036
592,6d854e4d-ab60-4c95-ac4a-c37b60ac2f1f,89.69918699186992
593,3a924337-ecab-4d7a-a756-e9cf9270e909,89.69924812030075
594,a7eb958d-3f43-4538-92c7-1c48c8286da0,89.70588235294117
595,537a64dd-9da7-4959-908f-cb11c8593249,89.74257425742574
596,7608f47e-3c1a-4bae-a2bc-82976397837c,89.76190476190476
597,4fb28504-3bd8-4449-9c8b-49dce3982886,89.77611940298507
598,736bbe4b-45b0-4809-bd1d-cb4bc0fbe286,89.77894736842106
599,557cf0d6-b0b1-4fde-b536-b990692a88b2,89.78260869565217
600,80ae8bcb-2329-4b36-9948-7a25b229d93b,89.79761904761905
601,55c9c859-ff25-4d17-8ab8-6369ac0a18d8,89.80188679245283
602,ad2ea61e-c2ff-4320-b745-f2b1875052cc,89.8019801980198
603,a3230718-e7ea-49bf-b3a9-0f8df07cf090,89.8046875
604,892427f8-bf19-4f0c-8cbd-9056b379f243,89.80530973451327
605,7f33a9d3-c0e3-4c49-8e65-1581a7be150a,89.8103448275862
606,1f7a08e3-08db-4ced-a194-8098d5b6c0e9,89.81481481481481
607,110c7280-7f3d-4669-9b2b-301e426fca3a,89.81538461538462
608,7b6f7b95-481c-4ae3-9f5e-252429ae2b96,89.82051282051282
609,675480cf-d2fe-4184-b458-2efc1bf60d8d,89.82758620689656
610,51385fa2-49e9-42cf-8cdc-8d42409fe1fe,89.83050847457628
611,f86e6ff0-8520-429a-b063-b91a57fe8ae5,89.83908045977012
612,d95c040e-5b61-4cf0-8fe5-f77e62cc99ba,89.859375
613,a4b6c19e-4d1d-424d-9b23-c3249516be29,89.86111111111111
614,2c3174ab-67ed-4757-8aa1-b0154976e8af,89.88805970149254
615,da708f53-782c-45ff-bea3-b3592f010293,89.90322580645162
616,0e537869-79ae-4632-a999-0f4b34033846,89.90697674418605
617,f6c70b99-9fc9-4a2b-803b-8fe02752de2d,89.9090909090909
618,1ada08d2-023e-4599-8ec3-e49466cc865c,89.91578947368421
619,cae36028-bae0-426c-90b9-e1a322fd8337,89.91764705882353
620,726ff65d-7282-4d6b-bfa0-70fb7aa4a2b9,89.94117647058823
621,9a4b6b9a-ab55-479e-9fca-264c52b05d54,89.98290598290598
622,3bd72c94-2932-436b-abf8-ed805d5540fc,90.0
623,423399a7-ce2e-41e8-a760-1ba14eaf93e4,90.0
624,b53c10cb-d2c7-4a7f-987d-e5d4dc3c9a67,90.0
625,67a1ece6-613e-4a52-9c7f-e6b9423bba15,90.0
626,cab58193-ce74-4243-addf-8194e67bd6ca,90.00884955752213
627,a95a47ca-4ffa-4486-a92e-eaeb5190c37c,90.04761904761905
628,af5b0bc2-9417-4e74-9d61-c19f873a2801,90.11235955056179
629,e3bdbc32-4ce3-4e28-b3f9-1f0bb645b1ec,90.11235955056179
630,4bb67a74-7e2e-4259-8048-4a8383b1b642,90.11711711711712
631,231b5c90-0f31-4fd0-b331-fa432f234100,90.12048192771084
632,08038a4a-302b-408d-ac0f-4791172c5a81,90.12230215827338
633,4359f7fc-db2a-4ded-aa21-39875369f3f5,90.15151515151516
634,415a0018-acf9-453b-a3be-5c6817239449,90.16483516483517
635,8a9837cb-a545-4eaa-90b0-d7e37caeadb2,90.17834394904459
636,9d37a5e4-074f-4dc0-aef8-d52db1a75b07,90.18518518518519
637,e592b3c3-0fa4-4bda-9d96-132c68c7ec5e,90.19090909090909
638,507f3fd6-d10a-4561-a968-23dbd06dd191,90.19402985074628
639,724fab2b-dbdf-4c1f-a921-827d443e0932,90.20879120879121
640,7724d18a-edd0-4a31-93a4-155dc4032981,90.20952380952382
641,229b6a4c-fc9d-455c-aa19-f707593c8286,90.21739130434783
642,3093c5f3-2560-4a20-99e2-70b2ee4db3f9,90.21897810218978
643,03be3fc9-5d83-455a-9f80-8cc7b863e584,90.25563909774436
644,5892dee7-9504-4256-9475-f78c47ac71a3,90.26595744680851
645,97922c38-6ceb-4cd2-87f9-42f20fcad844,90.29761904761905
646,fc86dff8-416b-41ec-b30a-47ef94d29a06,90.29761904761905
647,50e64e3d-2445-4282-bd54-a292929bf86d,90.3225806451613
648,a767edbb-cecf-499c-9ccd-27f526497155,90.35
649,e2e2f8f4-69ce-47c5-92e0-8927e7fb7cc5,90.39047619047619
650,f6a33aef-e2d2-4b7f-9846-3936815f7b10,90.3913043478261
651,35a78ee4-f99e-4914-a38c-fea25a3e1e8d,90.39449541284404
652,3972bc13-423f-4782-b214-3b4bcecbc042,90.39772727272727
653,4e7b5de8-0a28-4aa4-ac74-eebf5db538df,90.41739130434783
654,4cef0865-fa2c-4c24-9d4b-d3c16d86bcf4,90.42105263157895
655,de2f8366-3dac-4c30-b9a4-9f66449c810a,90.4245283018868
656,af532e08-255c-4dea-9411-bf2811c31a5d,90.42682926829268
657,218eb546-d484-428a-a8e9-976a1f8cd83b,90.42735042735043
658,f005a8ac-f1bb-4179-a15c-adc01e253f9f,90.46067415730337
659,6e841736-055f-4858-8336-d925f491164a,90.49586776859505
660,825a157e-98e3-467a-89c8-c27c2da1c078,90.50387596899225
661,a99c90eb-da9a-40ec-aa31-170dd12175fc,90.5050505050505
662,b9d4cbc6-a365-40ba-87f7-e7d32b548079,90.50588235294117
663,3fdde7b5-1796-4db8-bc93-638d5c5ff2fb,90.51612903225806
664,3a1fd6c4-e3ba-4070-8402-7dba2e5a1ec4,90.54878048780488
665,231612f2-19a9-4bc6-b162-f334f7f07083,90.55
666,a01413b7-04f1-45b0-8c98-7c5769b6b2a6,90.5609756097561
667,16eaef25-1f71-4b1b-b5fa-a7a52a292254,90.58474576271186
668,d4fe6ff1-6382-435f-9ad0-9bba066b5e71,90.60215053763442
669,fdfcf2f9-055e-427d-b547-e728d2ce234b,90.60215053763442
670,e319e251-ad60-4dc0-ab6a-b7de7a407b2c,90.62222222222222
671,d1e39b85-1878-4ce8-abe1-b4d06b333be1,90.62903225806451
672,43946f74-1399-4768-854d-3f61c2353862,90.66379310344827
673,f6e230bb-b509-466e-86f4-f8d283e4ed0e,90.66666666666667
674,17914fd1-d053-4b5c-9333-55002d7e1526,90.67391304347827
675,7fbf98a2-69d0-4f38-93d5-2b431adcc3ce,90.67592592592592
676,ef522ec1-2877-4ae2-bd6e-89ce80529cbd,90.6938775510204
677,e398e7b4-3323-401a-ad11-6c34f87cb82a,90.73148148148148
678,bd696509-b02a-4eca-a7f0-a2673ab95802,90.74074074074075
679,732a8f70-9297-4dee-b0b5-05b7b970b2b6,90.74257425742574
680,8840d3c9-6c6d-4225-8df7-42f5a0ac23d4,90.74626865671642
681,2ad7083a-4f68-4163-8cfe-ddf27f7dc128,90.8
682,7dadb16f-60a5-4622-98f6-a8419b1512b8,90.80208333333333
683,168cb697-87eb-4d7f-a19a-972c03e3d1cb,90.80645161290323
684,1b573e5d-4c55-4579-a883-4b0f6632abad,90.83333333333333
685,0557962b-be06-4080-a318-faea73b1256a,90.87209302325581
686,af62d45c-4bc4-4d8c-9391-c6aefbaabf1f,90.8955223880597
687,e660e5ee-0fb4-4d11-b70c-6edea1277109,90.89690721649484
688,d75d2c6d-587e-4121-88e8-34977742d734,90.89814814814815
689,7c5cfb48-dcbb-4bab-ad4f-3f5f3263c097,90.91228070175438
690,cf88c4df-ccf7-4f7b-beb7-88f948243d51,90.92079207920793
691,e37c2f1e-1302-46a0-a2c6-b04135323c0f,90.9247311827957
692,ac015b40-8057-4552-aaff-42f5b3b6393f,90.92553191489361
693,5181982c-f040-4297-90d2-a3f84df9f372,90.92631578947369
694,5c1e0901-534b-4972-9345-e0d2d5af7371,90.93518518518519
695,94c0070a-0fbf-4da3-90f9-4b3f658352a8,90.94791666666667
696,edae1610-bcca-4228-a52f-e16931c4a99d,91.01123595505618
697,102edb7d-d17b-4624-b6a0-5fd1eb44706e,91.024
698,c7f70014-87b1-4631-a370-feae39d633c6,91.02941176470588
699,e49362ff-5e1b-4d98-9667-8ff532ffdf32,91.03260869565217
700,cac61d6d-064c-4e16-9ca7-06261adfa585,91.04504504504504
701,69922346-1187-4eaf-81ae-f519e6596d88,91.1
702,d1022567-0e61-4d82-859f-efb9d204360c,91.11904761904762
703,e880741b-ebf3-42df-bd28-7d8ecf359608,91.1219512195122
704,007b944d-77d2-457f-b0e8-81b2fd80dbf6,91.12359550561797
705,ff9215d2-3ee5-4952-acab-2a619bdd59f9,91.16304347826087
706,3274328b-721c-4794-b695-4f44754f7aea,91.17977528089888
707,67f0f00c-2682-4bd8-b63a-da8a75e1a1e9,91.20833333333333
708,14ef3028-bbf0-491c-b18c-a7af53561656,91.21
709,16017054-04cf-4a4f-850e-e397e058dcff,91.21705426356588
710,7b894026-4c9c-4e0f-9266-3d2d86e64871,91.22368421052632
711,f8ede0e0-20ac-4e45-8fa9-e9679833d729,91.2247191011236
712,a5473fc3-1c02-4546-8e52-fe4e0fe5876c,91.25
713,5c70c527-3082-432e-b758-fa010361531c,91.275
714,a64f8ed3-847b-4657-afb5-455814d3f8d5,91.27619047619048
715,b0e422bc-e892-433a-900a-b7710d882fc4,91.2843137254902
716,35a400ac-3107-44b1-b7fe-c415db623b24,91.28828828828829
717,a3955b55-8e0c-4e08-8129-5f988e9bcd55,91.3157894736842
718,1578140f-8653-42d7-884d-c361de9cbe92,91.3302752293578
719,0aa74730-95e8-47ae-b555-f44388367af6,91.35185185185185
720,8c7cc6a7-d82b-4971-97d8-fd40009863b9,91.35714285714286
721,90af29e2-f1bb-407c-9830-4c497ff8ee83,91.35802469135803
722,8e06ce16-8596-4c4e-b775-1fcb5db2fb3b,91.3609022556391
723,50a99291-573a-496b-a6b4-1771bd5798a4,91.3921568627451
724,2063d1d6-3f71-4183-9c86-eb8e854f60aa,91.41284403669725
725,7afc5272-c539-4cf3-be73-99ac7612707f,91.41891891891892
726,d945c325-7572-47e4-a1e6-619e7acf6edc,91.42857142857143
727,c2afed1f-889f-43ac-8ed5-af9eabdaf87b,91.44736842105263
728,c8dc4144-da5d-4314-a40b-338405cc9810,91.46739130434783
729,bb60a22e-93af-4e7c-b182-dc2071f41cd2,91.51515151515152
730,251fe09c-d983-44b3-bd72-91bdab1579e0,91.55339805825243
731,58c8c261-4d19-40b0-a9f1-90d46081f403,91.5702479338843
732,c19db4cb-14ce-4f51-890f-e585a7264cc5,91.57236842105263
733,dee444b9-97cf-4f04-a7a0-e046780db781,91.5813953488372
734,e695d437-ad41-4c11-a82f-730b87711c44,91.61016949152543
735,edebbf26-1e02-47d0-9551-8aee08df4df2,91.62765957446808
736,a0cca122-7d7b-4890-a968-8e8481e30240,91.63392857142857
737,6a5b56da-c193-4e1b-b0e8-b2e724dc9cce,91.64084507042253
738,4e2fc188-2aa4-403f-bf28-935ead1c59e7,91.64655172413794
739,3c896e66-87e5-4ce6-8384-9788852d9d65,91.66666666666667
740,bb561c2e-9a0e-4ec5-b66c-95c28d0be2ab,91.68539325842697
741,eeccbb3e-2ec3-4d7f-8be3-5230cbebbe8c,91.72413793103448
742,6eb8fac7-4199-4d14-a285-8fa904b95f66,91.74418604651163
743,db3bb890-bcd7-47bb-9d20-4ed68fd28f2c,91.8125
744,d20404f4-cda0-4b4f-954c-0ee84c6bc929,91.82142857142857
745,a699e5b2-021b-4a03-a561-b47d6bb12832,91.82978723404256
746,e7d85b39-447a-4d37-b571-0307767f1123,91.86440677966101
747,af8a3056-0bef-46c3-a2fa-f9bb504b6166,91.86915887850468
748,5454a78f-8dd4-432f-92ac-a1700c5fd53c,91.89166666666667
749,c03f0701-3441-4cec-92d8-8a6800c25585,91.89393939393939
750,3b59a03e-6d00-4c32-aa4a-47c23a232a2e,91.90588235294118
751,562468b5-0483-4f98-b340-56db3b8a9035,91.91111111111111
752,19e954dd-4851-43f9-aff4-f86c63f1cb3f,91.92063492063492
753,4a0dd768-092f-496b-b6cd-8db3cc7b17a6,91.93162393162393
754,d96e3a2c-a3aa-4ba3-b163-bdb7391de212,91.93396226415095
755,e3c6ac5a-53f5-4eff-8c26-3d2a713febe9,91.9375
756,0ac6683a-57c5-4aae-9cf5-e45228f6fcf2,91.94623655913979
757,48cb92f8-e825-4282-817e-3c6a7cbdcda5,91.94736842105263
758,68653272-1b3a-4a32-943f-71bdd64311d7,91.95
759,a6e1c28d-9e85-44d2-9632-bde5101182bb,91.95121951219512
760,1a8fcbc1-4f0a-437c-9a5c-1f05b86f9a08,91.98130841121495
761,27cf3f8f-dfcc-4c7c-adeb-f7dd8b75683d,91.99212598425197
762,20865a93-a3a5-4643-8601-8698596771d9,92.04477611940298
763,59b0f334-f489-422f-b07d-e400250e8013,92.05263157894737
764,41ee2a4d-ff92-4e1b-b0d4-9a5875f1a227,92.12903225806451
765,f29357c7-bc20-4abe-85c2-f4326b71119e,92.13483146067416
766,06cee05d-bdda-4d43-baf9-9ef3a3f4c3f4,92.13541666666667
767,f062a909-4343-40b0-bb85-d1e91949ee9a,92.15
768,fca569ff-4e60-4e11-9337-4fc984cb6d0b,92.16666666666667
769,c1a78e68-de5d-45e1-bef7-240ff5f2c8ad,92.17647058823529
770,5234dcae-3b41-4099-9f16-ba1229b0f9b1,92.17886178861788
771,ebee2c8b-89b8-4539-a2a1-31789986cf04,92.18181818181819
772,598beaf5-12c4-4823-bcfa-a980e5d28af7,92.18518518518519
773,ff0c54df-3a2a-46ac-a3c3-88653fa5fba4,92.19791666666667
774,e4f3a56f-19e3-4a1e-85af-7bfe123748e0,92.26041666666667
775,5e8282b6-8568-41e6-bbb1-8cade6855acd,92.31111111111112
776,72732437-e44b-401e-b4b5-78cbb321d510,92.31182795698925
777,8195d1b6-fb1b-4424-ae27-91f0a032a374,92.3157894736842
778,f5715289-0723-44e4-8771-16e591eb9240,92.32530120481928
779,7a6f615a-e2cc-4898-b427-7b8ded57281b,92.33734939759036
780,c8a6ab1f-9af8-4e84-a4b3-ef5e559e84bc,92.34343434343434
781,d585ac48-b4b2-4af0-bf3d-6031a295a3f8,92.34693877551021
782,170a1b9e-edc2-4c51-a13e-15b91b5de804,92.35238095238095
783,b9fb511b-4bb3-4b9e-a0ce-967c069cd99f,92.36170212765957
784,e19d8ea9-bd37-4930-ae9c-a145a417ad47,92.37349397590361
785,ba96e20f-2bea-45f7-ac9b-a0f69639fea0,92.375
786,74df625c-8a78-407e-a2c3-cd4b5f017e70,92.4054054054054
787,5b2548b0-5283-49de-934c-f84f3931d29f,92.40625
788,bc77f005-132f-4353-b00f-01e52cda0973,92.41176470588235
789,a27350d1-4882-428e-bd35-8cad00a2faed,92.41803278688525
790,400b54d0-92ed-42fe-bf2b-daf440fc2d3e,92.41836734693878
791,37b3e5d2-67b0-44a2-ac3e-39e261a710fa,92.42028985507247
792,a9215cf0-5821-4cae-8a0e-8e0881b495cf,92.42424242424242
793,55348e39-6453-41a4-a228-5d9cfad025c9,92.42592592592592
794,da7b3e51-39e7-44a5-9b4f-bde95cc2ae9f,92.45161290322581
795,e9b18b9e-5d63-49fd-a81e-aad7a2081358,92.47058823529412
796,2d1263cd-2bfc-4d05-9f40-c771d8ab4819,92.47311827956989
797,8fe6eda9-ea66-40af-8fe2-14f22b60e055,92.47727272727273
798,6e4f2ece-bd38-4313-9e53-bdae258ef0ca,92.5
799,daf3d49b-6f02-42a0-8d26-c8035536c6f5,92.5377358490566
800,772e3d25-266e-4287-a43c-00eab9f7b49d,92.55319148936171
801,8d5c3960-9612-4386-b2f5-ad6eb1a40c0c,92.55555555555556
802,4f5f5eaf-09c6-4bae-8ddb-d108923c3776,92.56880733944953
803,90726a37-27f6-42df-8532-4f680991ef83,92.57936507936508
804,c7ab336e-a1ca-4bbf-9ee4-2b67a150380b,92.58928571428571
805,0313fdd8-66b4-4484-b981-aa8227923304,92.59633027522936
806,b5f1e3fd-4666-4f05-a299-85abd97d7c3c,92.60330578512396
807,df62f6a8-1514-4944-8bf2-222b793217ac,92.61363636363636
808,2573d4e3-93ae-47bb-a019-ed82200bc0b6,92.61467889908256
809,a0dc4a64-e45c-489d-855e-f689b1c5ba2a,92.63541666666667
810,9f9816b8-a186-4d76-aa15-6bb85bc3e089,92.66304347826087
811,bf9a5fda-e4d8-4fd4-a93b-8ad7ce152341,92.6793893129771
812,76e236d5-d114-40d8-970f-716ab243e566,92.69902912621359
813,cacca084-9b34-4ed0-8f97-61eb6b6becb3,92.7127659574468
814,8f594400-e5d2-4c15-80a8-8f46a26533a4,92.76288659793815
815,0154ccb3-67b5-4945-9d43-113cb0a70b8f,92.76377952755905
816,88ca60e6-bd12-45e2-8e2f-9bc708c3d6c2,92.86440677966101
817,fa72a6a7-c58c-4354-b538-2a0eedd1d82b,92.8796992481203
818,815a95fe-7252-41ef-b68b-6455a0588095,92.88235294117646
819,c0df420f-c3b4-4eb4-8d36-c4146c115e2d,92.89565217391305
820,2f34942e-1b79-4211-b035-df43d5705b16,92.89908256880734
821,b39a721c-1cd5-4bc5-a53a-ae6c83729c2f,92.9080459770115
822,05b13b3c-150c-43b4-a671-fb8da32d1d56,92.91338582677166
823,eaa04d98-9718-4601-a721-20ffc934f603,92.94252873563218
824,87f6204c-e343-42be-bb85-c749216c8ca7,92.97810218978103
825,3b58aa3a-302d-483f-9879-49342c4dd5d4,93.00847457627118
826,11602bb4-a6f3-4c5e-8c2c-de25aee7c097,93.03738317757009
827,7405bd5a-7e37-411a-998e-6d5876f478d8,93.04040404040404
828,fa8aba98-cadb-46dd-9f5a-b60cca137b11,93.06060606060606
829,74bfa013-49c0-4ce3-85a6-14994044cd5d,93.0752688172043
830,46a8b2de-9093-4e06-9b5c-fa1f861e18b7,93.07575757575758
831,ecc02b43-7fb3-4916-8227-6bfd152858e7,93.08490566037736
832,4cf503b9-19be-4896-9c35-6c5946971e2c,93.09701492537313
833,d56a7777-4285-40cc-b35a-3dd9a3c4f6c6,93.10344827586206
834,115361f3-22a2-41c9-99b0-acb5359e81dc,93.11206896551724
835,c39a3812-64c4-4d40-958f-c79ad8d6699e,93.16153846153846
836,5de2b0d3-f669-40fe-8b7d-5ae27a2eacb5,93.18181818181819
837,8e0886e6-f477-4fc7-ab99-7bccea3562e6,93.18181818181819
838,f0b81758-31c4-4d55-940a-fe04a08112e4,93.1875
839,0785c638-1de7-4094-917f-885e5d4ce313,93.19148936170212
840,dfe0de21-9aca-4765-bf51-5fb9d4b116d5,93.20652173913044
841,dd6545f2-a4e4-4b51-bd7f-dc809d0170a2,93.22047244094489
842,23b33eae-a2f7-4c10-aa0f-96ffa9659d7d,93.23853211009174
843,31ed5149-d2e7-47f4-bbb7-b16197512ef0,93.24324324324324
844,4a41a4fa-5c7a-4419-bc65-85b4e884b09f,93.27884615384616
845,a73a91a8-7cd7-49f9-86dd-0cc8fd7d5e90,93.28395061728395
846,97922eb1-ed5c-4662-a5ad-48295c10d275,93.30645161290323
847,323adf74-d1e9-4efa-9161-6dbaca0e306a,93.30909090909091
848,fbdd221e-6fdb-428a-aafd-7a55fa86dff9,93.33333333333333
849,ab35e745-785e-4e22-8799-90d569357ebe,93.35051546391753
850,66754b12-7627-4b0f-b571-88023eb86f82,93.42990654205607
851,6099a92a-55b3-4775-b9c2-bb49fef77632,93.43703703703704
852,ba1ee157-0ccb-46e6-ba01-51e6c7446bfb,93.44444444444444
853,3d0f94b7-2cd7-4e45-a08c-6ab9b76a0f0d,93.44444444444444
854,c0b1356c-c93d-4bba-a55f-ae2754ec503e,93.45192307692308
855,f81249dc-2512-48af-950a-e15629483982,93.45794392523365
856,3befe897-d8ba-4240-b994-d39dbb6aaf10,93.46846846846847
857,38d7da63-dbd3-43b3-ba2a-6ce1a1bbaf0d,93.5
858,f1263851-6b91-41b7-a7c7-e5e62a52230c,93.51388888888889
859,c927b5e1-b4c5-4a9d-a036-3ec2433f0a07,93.53846153846153
860,5ef4344e-47f8-41ae-9a71-31b41afa257d,93.53846153846153
861,d54671c4-026a-4561-b250-889d91997a2b,93.54838709677419
862,07aa1a62-685d-4eea-b125-7a4c146c69ad,93.5609756097561
863,9d5b603e-c5e6-47a2-ac8d-6303341c8a14,93.56122448979592
864,3234015f-1743-4b22-bc60-ff5ac77dfc46,93.56617647058823
865,610feda7-1ec5-43ed-88d0-72971a46207e,93.6082474226804
866,4e64b85b-6252-4f72-85ac-be3e9dc6d7aa,93.61111111111111
867,4fcc272f-5445-4ab9-a0b5-87fa10b3dc6f,93.61627906976744
868,4eb376bb-2880-4f01-a30a-5c5d9d944efe,93.62385321100918
869,bc4d62e1-ed55-4ab2-be79-155f369c4e8f,93.62745098039215
870,b7d1cc19-f745-4d27-a084-80e4aa29cbd0,93.64864864864865
871,f0519934-1b6f-4ecc-a83c-904e1762197a,93.67132867132867
872,b32507d7-6aa3-42d2-ad56-cace340f950f,93.67901234567901
873,d075308f-373b-4e85-93f0-37be3cfe0f56,93.6842105263158
874,b4349fc7-14ef-44a5-84f3-d22b38ca6812,93.6938775510204
875,8e8266c7-6bc5-4c71-b41c-9cfb6113b0e6,93.7
876,466f1aac-db76-4a6c-b677-41a0ea7887a2,93.70588235294117
877,3bc6ae72-f4fb-4540-a47d-4646e2c84129,93.71929824561404
878,3ed1cc05-d095-4c3a-96ed-200b9d8fe9c3,93.72173913043478
879,1fec3e00-4711-4498-90ba-06ebfcaebb06,93.7265625
880,224f947d-a903-421c-af35-bbfdf6fcdb39,93.73831775700934
881,61deb927-f9bb-483d-a052-dfbeb302f4ea,93.73913043478261
882,61059b70-ba73-4765-bc63-d733ff19061e,93.75
883,a5832454-f3a7-4610-9cec-9ab1b95ed52a,93.75
884,8f5958f4-3cfc-4b52-9b7c-94d92d902bb4,93.79518072289157
885,8dbde2fc-02d4-476b-87f3-12fdd43f84d6,93.80373831775701
886,5781c461-d516-4ce9-bbc7-6e055099ec2a,93.82022471910112
887,8b9b17fc-58fc-4f0c-93f9-e598beb858bb,93.82352941176471
888,552216ca-098c-4135-8480-f38d08d8e752,93.83333333333333
889,52b1379c-ea4a-47bf-ae2d-615176a0c3c2,93.87096774193549
890,1e5c205b-1aa8-47d3-b6bd-b21a545c8546,93.875
891,fa26ec03-1c30-40c2-8b8a-3df8ec0e6de2,93.88636363636364
892,aa61b41f-f2c3-4dd1-a7a3-f36781292121,93.88990825688073
893,b421d919-5c54-4df9-a859-73a1fe9e4102,93.91724137931034
894,f1d70df2-7d69-4cb9-9cc6-27419dd26c79,93.92424242424242
895,afe9f2db-5326-4a5f-9cd4-2949f3f42eeb,93.92857142857143
896,3ec35ecb-a0e9-4274-bed6-81bddee6ffaa,93.94117647058823
897,c6b40cd1-ba93-4d9a-9832-206c39549634,93.95192307692308
898,64305fff-d6c4-484d-a1c3-d66543281c83,93.95604395604396
899,24cf688d-35e1-4875-b4a1-010505bc4b14,93.96296296296296
900,05d31f3a-6af0-4910-ab39-838af8a6725f,93.97321428571429
901,4adb449a-308e-496c-9dcd-8847532dbf45,94.02105263157895
902,9510e773-e981-4355-8907-5c7f44169c49,94.03
903,3fb56e30-b43f-4a67-bda7-209cddb0d7b0,94.04761904761905
904,04aaefdf-ea12-4a2f-80fb-c470a0b838d8,94.0738255033557
905,15689358-26ee-41c5-8982-31eefdfea986,94.10576923076923
906,f9740283-f7fb-43d6-9353-ef1c03bbc698,94.11764705882354
907,25732c69-215f-4a65-a73e-7aa7f2c81b9f,94.12244897959184
908,5fb99589-91d0-4f9a-a39a-6958ee82deda,94.15068493150685
909,e4924c23-114f-4cfa-b0b3-dcf06d93980d,94.15094339622641
910,3169fe80-80d2-499f-abad-c87c6b0308e5,94.16091954022988
911,f407141a-51c9-45e5-996b-1348cef4d4e5,94.16447368421052
912,716a1d1c-5088-4ca6-b43b-3b631bd16210,94.18181818181819
913,8914881c-a7ba-4629-a722-691ef4a3647a,94.20618556701031
914,90d4c110-d8ca-4748-a8ff-eb3e9c75d822,94.20779220779221
915,94c2df4b-1ad1-4e93-a005-7c9edc445921,94.22727272727273
916,519177ca-8d56-4f91-be0b-0e81e1518afa,94.24742268041237
917,15d9af5a-f833-4b78-a2e2-0a87fb423bae,94.25287356321839
918,53026fe1-3db9-4514-bf33-a9f377834230,94.25742574257426
919,a7e7820d-9f88-43ba-a689-c785d9927702,94.25806451612904
920,836d3047-a322-46eb-a3d8-0c4004e09edc,94.26356589147287
921,aef0ee00-14b8-40a9-843f-53d9f33c474d,94.27184466019418
922,dd7c3e94-f891-4749-8dc7-dbc3bb6bac34,94.28571428571429
923,91ab17c0-2e0a-4f5d-83be-b18ae9cdca3b,94.29508196721312
924,d5812325-8741-447d-9e36-794b8f21ca66,94.29885057471265
925,22e33953-89aa-48b2-8b1d-c3e33c3df42e,94.3069306930693
926,46475168-88cf-4a2b-91fd-e2980999187d,94.3103448275862
927,cdc9714a-65e2-4bbd-b8e4-45bdc0f6d27c,94.3157894736842
928,f404bae0-34ff-40a5-ad34-2976fed38374,94.3298969072165
929,8e7f197e-534b-4e39-8ebe-e064397dfae0,94.33707865168539
930,9da0c6f3-2898-47e2-a9c7-bbaf8a664686,94.35483870967742
931,65726f96-84d6-4369-b549-82640cdab001,94.38202247191012
932,4b6e970a-e422-4fd9-88fb-daea47792324,94.38202247191012
933,f41a6f39-7ef3-445f-bdec-b64d541fb873,94.38461538461539
934,be53f53d-eaec-4613-9610-48dd9e7d0891,94.42465753424658
935,2e0c703c-5691-45b8-8949-d68b22305abd,94.44444444444444
936,b94be911-7980-4ddb-b7e6-66c412d0011e,94.45
937,2d1e0a0e-35bc-413f-86fe-f35a186fef3a,94.46534653465346
938,90609e55-822d-4c12-94b7-36eff4ae7d70,94.47826086956522
939,4cfdc034-2417-4f87-bae7-612a0714d3a7,94.49640287769785
940,aa775f68-46a6-4ccf-88e3-a98a13594549,94.5
941,552b5fc3-9651-4918-994d-5390d1ba1042,94.5
942,7e548021-cca4-4544-ad39-c43cef32b493,94.50819672131148
943,9db50bbf-8c66-48fb-8679-54375c469072,94.53378378378379
944,293658d3-4f89-4e22-82f4-48cfcf5bebaa,94.53389830508475
945,0779b360-d487-456e-af20-8081d2d5f3cd,94.5673076923077
946,b2631aa6-b8b6-48af-b254-189b0f2c3347,94.59649122807018
947,c88cab1d-1538-4268-99b5-4649b24ed9c1,94.6013986013986
948,0d195dda-6c01-4245-9aca-9d9806f45eb2,94.61904761904762
949,efce476b-bd43-4739-ab8b-6f103b73e13f,94.6236559139785
950,8cddcc80-efd7-441e-befe-4e2f354c6e48,94.64285714285714
951,e0eef763-2c3b-4de4-ba51-eb80e9bf1fc3,94.71631205673759
952,730535e3-354d-4766-9455-c9a4bf8c6a01,94.73648648648648
953,71808748-0486-4116-9813-ebc9030f9f57,94.73684210526316
954,255adf21-a5ae-4598-8431-bf8eada11d7b,94.73958333333333
955,569aedce-b9f5-4b6f-b56b-575d5a202205,94.75308641975309
956,00c3a4b3-fc20-4d16-8b10-8e3d00938ba9,94.77622377622377
957,8536b12e-1889-4fb2-b5b0-06903871993f,94.79020979020979
958,35432638-d42f-447f-babe-575061eab3fa,94.80141843971631
959,6ad3ccb6-c7c7-4971-88c2-a2f6bd1aeb42,94.81481481481481
960,c6da20bc-d125-4e08-8e99-dee5d7cb916e,94.81720430107526
961,fd8db6c8-e82a-40c4-880c-9c15e2e7381f,94.82558139534883
962,6a7737e0-be7d-4f3e-baff-e733f5f53560,94.82758620689656
963,9963ee73-3d54-4a1a-bd72-61d1187f35da,94.83464566929133
964,c13ad390-c70d-4ec4-9b28-2d0ec18935dd,94.83695652173913
965,3eb3b3ab-6eb1-49fa-aa08-c49731a728e5,94.8529411764706
966,68e40b83-536d-4f4d-8d38-64e603c31d7e,94.85882352941177
967,49aa6cf4-951c-4132-9fb3-d0bce6b4f6d3,94.88095238095238
968,35dccc14-4adf-48d2-a8d1-5fe4866af648,94.88372093023256
969,cb855936-39c4-4991-a3e6-de634100aac9,94.88636363636364
970,50db1273-2a8c-48e5-9a2f-8c9760bfa02d,94.88636363636364
971,a637d388-5599-435d-8254-e9b6e8974779,94.90625
972,d1730585-ea68-4543-aeb3-44d3e7f02684,94.90654205607477
973,ab15ada0-b948-4587-bc41-a6b3d55163ef,94.91743119266054
974,1aa43668-862f-449a-96f9-10a27ae22525,94.9290780141844
975,a863edc6-f391-49b9-a9bc-bbe66dd834ae,94.93258426966293
976,8013158c-b1e6-483e-9530-1cb4a7f8ddf7,94.93548387096774
977,2c4a8362-e4a4-44e7-9b82-fb954de52c71,94.94186046511628
978,0555bed6-5552-460b-9edd-39567abc4e12,94.94949494949495
979,e0537bbf-47de-453e-ad05-aa682c78bec6,94.96428571428571
980,52b84528-7bac-4d66-a18f-a90d3bfcecd8,95.0
981,28a81048-f41b-440d-9198-043b01d91c0c,95.05797101449275
982,2a1d42fb-7948-40c0-b1f9-d3a92c72498f,95.06024096385542
983,37551829-f539-41c5-96a6-78867a24bd07,95.0625
984,09d84e3c-3602-4059-b543-d9aa75bfc770,95.07936507936508
985,bdf66719-ce9a-4e7f-bda3-e3b4bd1352b9,95.09803921568627
986,3ff60f63-0f61-4dee-8f31-21027abf7664,95.10810810810811
987,ab935589-f5e6-4520-b756-e3400f435a21,95.1219512195122
988,c0cce0e2-0762-4b76-b949-d38179f6b461,95.15625
989,ae7961cc-88b7-438a-89e4-0e6ffb9bd986,95.16129032258064
990,af5790d0-41c1-4ef8-b5e4-f591af7a1323,95.17241379310344
991,98e7d797-7eff-4edb-90b3-13fd40d55789,95.18018018018019
992,c93ebf51-1fd3-4efd-9441-acaa5e34ea63,95.20833333333333
993,d8d251a9-dfd2-4552-87a0-29f6b59e35cc,95.21739130434783
994,7bcd617b-29c3-4c65-a77d-f043c85846fa,95.22123893805309
995,1874b2d6-1314-48c9-94ec-bbf929befcd6,95.22727272727273
996,51a0f7f3-9299-436d-9761-ce93a51a4d82,95.234375
997,768c8501-c0c7-4783-b08d-5cf63c7e7641,95.23809523809524
998,113943b3-2172-411a-83b5-56cd493e9dfe,95.23809523809524
999,2c807a5e-4993-4dc1-801b-dc3dd9a24f1a,95.24038461538461
1000,9710f715-cad6-4ffe-8dd3-6464d93e9ba9,95.2439024390244
1001,11141071-37ae-48df-9bf2-59f2a3f23fd2,95.24418604651163
1002,57ddbabf-bd1c-4dd3-a871-1a8b703f0a8c,95.27464788732394
1003,f9acff39-1498-4c15-9eb0-b8af6e968e28,95.29411764705883
1004,4dc8b7d5-66c1-421b-af98-d00ef403ad26,95.2991452991453
1005,763c6224-ad73-4d33-8001-02a69d00567f,95.32456140350877
1006,2fe0565a-662a-42af-b980-269b287e0bb6,95.3305785123967
1007,25e53a84-3da4-482f-a2ac-f8583d772736,95.33333333333333
1008,5987aeab-201d-401b-83a6-3643366f9d52,95.34883720930233
1009,7621da65-e844-4ac6-8bc1-eccde823e790,95.39189189189189
1010,777a7f4a-d19c-4ef2-95cc-ffcaa6a79a33,95.40229885057471
1011,4f8bf0fa-ba9e-4958-8970-44bdf3c8beac,95.42574257425743
1012,73315d08-1ab7-433b-8c95-cb25aa553fe3,95.4298245614035
1013,021e499a-be6a-4b9a-8bcc-d5a2324e82fd,95.43165467625899
1014,7d8ab00a-2e2e-448c-91bd-e6f77a3c7daf,95.44339622641509
1015,3e2c2afe-c706-49c6-96b9-8fd4c7d90ab4,95.45454545454545
1016,61881e50-a3dc-4596-99fe-d398f8664900,95.45871559633028
1017,e21e1b69-ad7f-4db1-a9ad-ed30770ff324,95.49549549549549
1018,24046348-cfbf-4f74-a853-1e55414a90bb,95.5049504950495
1019,942b175b-1f9c-41cf-adb8-f34ecd564bbe,95.5114503816794
1020,f442b201-9d2e-4b9d-bf9e-43f3f1c66841,95.525
1021,b3081d3f-2adf-4775-864a-2449a0740d7c,95.52845528455285
1022,196cded0-6a06-40a2-a0d9-56d0c7f4f7da,95.55371900826447
1023,7b32ad4b-2b37-4d2e-96dc-3f66c7317c04,95.58119658119658
1024,3c1f853e-589c-4576-ae5a-21c9a39cb0fe,95.5909090909091
1025,80c58a26-04b1-461e-bd75-a220bc9d3f45,95.59701492537313
1026,576d2789-d7d1-4e90-a6af-1dca240b9d25,95.59770114942529
1027,ea5dd8d5-a807-40fa-8c6e-d58ff48e71d6,95.6038961038961
1028,1fe2de1c-7038-445d-9803-9f3fccbce9cf,95.6043956043956
1029,cee6ad5f-c217-468b-8e94-0ef52875a6d9,95.6043956043956
1030,28072333-a4fc-4009-8e2f-7de07742496c,95.625
1031,0c9f01dc-aeec-425c-8105-4f6158c5dfb4,95.64
1032,f4e7fb0e-b391-40d8-9a49-85fdf15f98e1,95.6470588235294
1033,376ae78d-3c1f-488d-9dd7-4f78d7632dff,95.65217391304348
1034,2154c350-6e9d-4b74-ab0d-dd5b0f25c484,95.69672131147541
1035,453c95ef-cf27-414d-84a4-909939dfd13e,95.6989247311828
1036,8354802e-535b-42c1-98af-ce18bd23c5eb,95.71428571428571
1037,8653a0d0-e582-4d0e-a82d-6e1f77d9ae69,95.71428571428571
1038,6ecfb528-7743-4659-a001-9414a920e6d5,95.74468085106383
1039,167f02e7-3344-425f-b35f-d59e2392d334,95.74489795918367
1040,1a1e8b7c-27e5-45b8-bc64-c472fd92ce4e,95.75471698113208
1041,2e7a03e7-3004-4fbe-8d1e-6edf6e3bd848,95.75757575757575
1042,e0f734fa-906d-46f5-a81b-6cc0f95d0b92,95.75757575757575
1043,ead9d8d0-24a5-43eb-8df9-83f1fe32bff5,95.76271186440678
1044,685fe90a-62be-4337-ad0a-69a1adc07633,95.77235772357723
1045,12a20497-6ab3-4de7-ba9b-fab7e018a789,95.79
1046,e7032095-cdb4-4d94-b1af-34d91aa35201,95.7983193277311
1047,214f36fa-364f-4203-9c26-a27d7aca27af,95.8
1048,a4bf4802-ab9f-471c-84eb-709381c9683e,95.83333333333333
1049,8805e789-7882-4877-b9cf-ad85f453a562,95.83516483516483
1050,8e72a216-a688-4f20-9e64-ad27e3e4e017,95.85106382978724
1051,7e962f5c-ac4b-4df6-97d6-caaa596956e4,95.86666666666666
1052,b6b65fc9-8e33-496a-9154-1bc7b93cffce,95.87121212121212
1053,be8a57be-9fdc-4910-804f-5784007a24b0,95.87301587301587
1054,61735747-4b68-49e6-8d66-2dd881623687,95.91509433962264
1055,ae32184d-98d9-4840-b391-3631a7ee56da,95.94444444444444
1056,88b2714e-d4d5-49bd-b885-0cb0f69b9cec,95.94594594594595
1057,009bc678-b721-4875-bfd5-86b882a08b89,95.9659090909091
1058,39a2e323-3470-4152-8cd9-0036a19f1d07,95.97014925373135
1059,f4d0a556-ae0d-41be-afce-76e7e7b9644d,95.97931034482758
1060,c3b513d6-b708-4abb-a4c8-aeb9b258ef85,96.0
1061,b019c480-d25d-4d81-8b89-18f6bff50012,96.02272727272727
1062,8e1343fc-7906-464c-9c7f-ffe393ce2e5a,96.02362204724409
1063,d5a290ae-dc08-4f1a-8705-d89de7ba1cba,96.02649006622516
1064,9a6d2490-13bf-43f1-8bdd-539446460349,96.02816901408451
1065,b3760644-28a3-4bbb-a98d-fbd5025e2e5e,96.04395604395604
1066,31726784-0de4-42f6-ac85-68d7406a8b82,96.05
1067,431cd161-de7b-45a0-9d6c-7438029ccf8c,96.05434782608695
1068,71a3a577-9956-4520-b95b-c8941743f2cb,96.07920792079207
1069,ba93f78f-ca91-497e-9049-21f9aa9c2f55,96.0952380952381
1070,e4645728-185e-4365-9fe7-ba5f658b7919,96.11111111111111
1071,ec95f472-90b8-4c84-8c6c-11c2553bf157,96.11764705882354
1072,761fe94e-92be-4c66-8a76-0a4723c68ce2,96.12068965517241
1073,2f4a746a-c084-48f2-a723-6e4b996901bc,96.12903225806451
1074,c866037e-0255-4ac0-bf8d-68fe1e36ef75,96.1304347826087
1075,f6643485-b4bc-46ea-961a-9167089b5afb,96.16438356164383
1076,b6c3348c-d86f-413e-b2df-56dfc2f4031a,96.16438356164383
1077,77404852-281f-486c-8cff-a1b377f24c3a,96.17241379310344
1078,ff0a8998-7bcc-4b05-8013-bcb6c57c91b2,96.1734693877551
1079,b87e9b1b-df7f-4f08-a5d5-c172b2d47ba5,96.17821782178218
1080,67d2f485-a611-4fce-ae15-59bb5307b244,96.19834710743801
1081,c342be41-20b4-40cf-ae19-f6371c64a25d,96.21052631578948
1082,3f45d34a-a2a1-4138-bc02-52538d236a16,96.21212121212122
1083,ff85550f-ff7f-4c86-b13e-c327c8d6defd,96.21848739495799
1084,df317c6f-735c-463f-adef-b3c2ca94fdae,96.23655913978494
1085,6e53b712-47b8-46c9-8411-8abfa91f3149,96.26168224299066
1086,f6d652f6-4755-4c8c-8a65-963d63378668,96.29559748427673
1087,8022cc99-adba-4f37-b5dd-3ccb1fbcc229,96.29629629629629
1088,86ee8309-4b1f-42f9-a0e0-312dec3c12ab,96.31205673758865
1089,07fbeb67-b77d-4c6c-8a1b-a9e6db2371d6,96.3157894736842
1090,af402e57-5ba1-4be5-b717-f499d109431f,96.31868131868131
1091,3ff37a4b-aba7-4c4a-aa4c-31918d93cf24,96.3302752293578
1092,d415f95a-ceb6-4930-adc3-be07dab5bbc0,96.34146341463415
1093,61fe1278-f041-4856-8bb6-6f029db69e98,96.35616438356165
1094,ad65ba7e-5244-4ab5-9736-65d3bc560ba9,96.35761589403974
1095,f3a8dd6d-b117-4b72-b9c6-c8c7056537db,96.36363636363636
1096,3de7be9e-dced-454f-9ff2-e4907684a019,96.37254901960785
1097,44c97527-87e9-4bbc-8c7a-5f100fc2c503,96.38157894736842
1098,c4605717-9a9b-42e6-81e9-cabcef243484,96.38297872340425
1099,71382e40-4d5b-44cd-af07-09e7813ca90a,96.3855421686747
1100,399693ad-77aa-470e-a43a-11c76ef0094c,96.4047619047619
1101,06b8be6f-ef60-41e4-9020-da2821c3df6f,96.42105263157895
1102,f6a6d130-4868-496c-9f10-8b089cb9193f,96.42857142857143
1103,92b00754-f3ca-4e29-a029-a177895faf54,96.42857142857143
1104,066ff457-a611-4eb2-bd19-65306b5fc91b,96.45161290322581
1105,177bcbc3-9b1d-4447-8c52-3a0a8cae3559,96.46153846153847
1106,776487c5-644e-4a2c-9557-d43d558770bf,96.46464646464646
1107,ba1c158d-d650-4c52-a26f-1a81fc6a0b8f,96.47058823529412
1108,e64652d3-2730-426e-a5cd-1bc1ea70448c,96.5034965034965
1109,b90b4ed6-7be9-4346-a8d4-1f6a4e174677,96.51162790697674
1110,f6d4dfab-fe35-4154-8c43-4ebd4733b16e,96.52173913043478
1111,917bdf05-1be6-47e1-b440-f87827db1383,96.53061224489795
1112,5e425e1a-b1f7-47d4-b95f-5fef422bf507,96.53719008264463
1113,ca2088ff-b72c-4d5f-beb1-1bf6dd4453c0,96.53763440860214
1114,282a781d-064d-44eb-a830-577d76d752a6,96.55172413793103
1115,87ef192a-2295-4c04-8714-e92ca68cd5a9,96.55670103092784
1116,575204e9-5c0c-419e-85ae-3df750f03ee9,96.56462585034014
1117,5f92fecc-8fa7-4170-bb55-8363ae75b074,96.56643356643356
1118,6d2fdb7f-768f-42e3-96ae-b58cbaa5022c,96.56862745098039
1119,dc8db60e-09d4-4ef6-8412-09405e23f560,96.59482758620689
1120,e7406295-cd3c-4348-91d7-77bd4bb97905,96.5979381443299
1121,17bc6c1d-3408-46e5-9d50-4cd6dddcb50a,96.60689655172413
1122,673652e2-16d3-4d1c-b489-97be68fb2c1c,96.61458333333333
1123,21101588-c977-4364-b113-a823d32f8c25,96.62068965517241
1124,dc2f7092-2511-4218-ae40-346f2a157223,96.62264150943396
1125,c3025598-ffb8-4323-95ee-a044774a7aab,96.66666666666667
1126,cfbb953b-288b-4f55-b013-411b02a259ab,96.6826923076923
1127,2aa0b262-ba52-45a7-b547-06ee237edf9d,96.69072164948453
1128,3230e787-2594-4c64-ae5d-bd8477dc331b,96.69811320754717
1129,fef26ffb-2a04-47a0-93e0-b91d81f9c68c,96.70588235294117
1130,56bf1fbf-4b92-4ed8-9ce0-6323bd7170c7,96.71317829457364
1131,c1915807-b892-4394-b6a6-3b40bea41f8b,96.71551724137932
1132,f10bb57d-b30f-4bbd-812c-cce3ab990942,96.73553719008264
1133,f35ea369-9e03-424e-85bb-5a5c5c6300e9,96.74305555555556
1134,8fc1f050-ef3b-4e1b-8efc-1f2e37e32d2d,96.7479674796748
1135,23a3b96d-fe89-4a1f-a6a7-1fba8cabf1a1,96.7741935483871
1136,ea0027c2-1826-4e78-8bfc-25d3df4f2b7d,96.7948717948718
1137,6d594d14-acdb-4cab-a29c-2d14277a7955,96.80555555555556
1138,eb00cfda-9078-4df1-9cef-e5e4b473c608,96.80575539568345
1139,07adb169-9069-43d4-a108-9143aea0e27f,96.8076923076923
1140,db601e3c-2c2c-45b2-a090-84e4f16f5888,96.8141592920354
1141,921772e6-b54d-4ce4-935f-3fcdc765b391,96.82352941176471
1142,f6c59f1f-1573-4cf2-a9a6-b0bdbd6f8fb6,96.84210526315789
1143,bf046f21-9660-415b-8a70-32676f146bc8,96.84210526315789
1144,d4efd246-4d02-4273-b5c0-3691fdff1afc,96.84210526315789
1145,3387d072-70ef-47b4-96b3-29b7440314f7,96.84466019417475
1146,55f2a8a1-cee9-4120-a98e-9cb58afa46e9,96.85
1147,d33205b0-833f-4fc3-8665-0e8907e99467,96.86567164179104
1148,5027f4a5-32ef-447f-b9b1-9596bbaa533e,96.89763779527559
1149,1ced9379-f2f5-4f4e-8576-f2b06a370894,96.90721649484536
1150,f0bdc2ef-9ba6-41e6-867b-830d8df027d5,96.90721649484536
1151,29439d1d-b154-470d-a7df-259f28730637,96.90721649484536
1152,9419c28c-1673-4a99-9728-b470ae05c44b,96.91011235955057
1153,c3432999-eede-4f2c-b1ad-0972f661ba89,96.91358024691358
1154,2493a8a8-4339-4af0-9eb4-c8ee4e8c1ef5,96.92222222222222
1155,1737117c-a925-43c0-9302-096ec9beb7a7,96.93877551020408
1156,e512cabb-d05b-4aaa-877b-93eaa6f3f0f0,96.93877551020408
1157,ec4ccc4d-9a41-4901-a34d-787c3ebc222d,96.95620437956204
1158,2eb0a2ff-c0d1-4c83-88d3-12555a97e742,96.96296296296296
1159,330e13a0-851f-4aa1-9a26-6b0d6c0488e8,96.96969696969697
1160,5907e699-f09f-4f88-b67e-3a4f1f3fe753,96.98275862068965
1161,f7b28356-dff4-4ce6-8d8f-f1b562b10e3d,97.0
1162,fad75490-152d-4c06-809c-e9a7afaa4bc4,97.0
1163,d084d97c-3940-4054-9d00-f60d91e5d056,97.0220588235294
1164,bde62adb-7ccf-450c-84c8-84b96b17786b,97.02325581395348
1165,7c10e43f-9803-4aeb-bf46-177f82152cc1,97.02970297029702
1166,6841f916-e8eb-40a8-ad96-486f030ebb96,97.02970297029702
1167,b1d26725-94a6-40ee-98cd-a53a6a1d7c08,97.03703703703704
1168,3a401757-0816-4a04-aa92-116249e8e95c,97.04301075268818
1169,7d050440-24fc-4682-8393-b88a580515e0,97.05681818181819
1170,833c0a6c-69a3-44d6-bc03-a3e365288621,97.05813953488372
1171,7c602161-21b1-43c6-9ccc-2a68fb38a1ef,97.05882352941177
1172,298f27f7-a1a2-4f59-957c-bb44d83d395d,97.05970149253731
1173,9647b47f-db00-4c42-b751-1b8be6e3b747,97.06293706293707
1174,d669e047-62c5-4981-8c9a-0166f9f44a8a,97.07446808510639
1175,d3cd49a8-6281-4c70-a252-88ff55a4ad92,97.0754716981132
1176,3a33533a-cf4d-45c1-9e52-e03b07f0eb31,97.07894736842105
1177,f917e6bb-bedb-48b3-a188-eb11afc67844,97.08029197080292
1178,1223166c-c4f7-4a00-bdb5-cf39d66d4ff1,97.0863309352518
1179,b66c4dbb-99e1-4a46-a88e-2b45f5468559,97.09302325581395
1180,83a84fab-8cef-489a-9933-fcaeaf6cf4c6,97.10280373831776
1181,d10eb33d-7157-47fb-94b4-aedfde6cc983,97.11382113821138
1182,d12c5707-cce8-4092-bcce-3176ae455f4c,97.14788732394366
1183,d19a8480-80f6-4db0-8e79-19802d8b1369,97.15151515151516
1184,e17fbdea-c94e-4092-944a-3d9a42b8f28b,97.17171717171718
1185,c1c2c634-9766-4f50-8234-c64b40ac94c4,97.17424242424242
1186,8f24cbfc-01cb-4da0-a023-d4d977def5b2,97.1774193548387
1187,5d38d9e1-8093-403e-afc4-4147f01ae1ca,97.1875
1188,0f7eeb1a-ee8c-4a63-bdcb-7e260d07b010,97.19565217391305
1189,922f3e3b-b406-4b40-989d-11b69ede5cc1,97.19626168224299
1190,c7bde4e8-c7e7-4f05-b40f-9c92a4168006,97.19847328244275
1191,ccbb58c1-87e4-4e86-8744-2414b3480479,97.21854304635761
1192,1ab045ce-e2c8-4979-a942-b9acd00a3293,97.23880597014926
1193,21656f01-8212-4e3e-a02a-e3a130524e10,97.24770642201835
1194,77e53e3d-9cd7-4913-95e8-d91e9e8fbea2,97.2566371681416
1195,c9de5ebc-d241-4b2b-956d-4f7b305988d5,97.26881720430107
1196,d804b7a5-78ec-49ef-89ba-b20d7e3a2061,97.27272727272727
1197,26ebdc31-7960-40d4-934f-9b453bc72daf,97.27678571428571
1198,572efe60-7a17-4ac3-893e-be45b911147f,97.27722772277228
1199,f3df4330-c31c-4306-955b-9fe6c39cbabf,97.28571428571429
1200,09bdc848-b0c3-4824-919e-e8f6ce31b4e6,97.28971962616822
1201,56ad309d-5d12-456d-b1c5-57adc3fe1c22,97.29746835443038
1202,d12fd2e3-0fbf-40b6-9914-7eccbf0561d0,97.3069306930693
1203,817eaee5-f0e9-42e7-b555-b66d5faf9834,97.32222222222222
1204,3c18a29b-e19b-4fec-9b16-214916b176f5,97.34042553191489
1205,49390508-234f-4d1b-9dbc-d01b7eaf4dd9,97.36842105263158
1206,9c56e2af-3c1c-470f-98fd-e963c82994e8,97.37113402061856
1207,a36ebf6a-c691-44f0-a95b-7965a13ed013,97.37962962962963
1208,a62cd82e-8dec-4515-a9a0-fb958b9d2a01,97.3913043478261
1209,62224dbb-6426-41a0-8f54-a64c287d3b97,97.39583333333333
1210,a1415da9-f31f-4c31-8986-c817d5a5bbbe,97.40259740259741
1211,fa7cf3c8-4b21-45c8-844f-a07d614a3ad5,97.42268041237114
1212,000f96b7-ba0e-43ce-a5c3-c8fc0a6406f0,97.42857142857143
1213,d7a7555f-b2ca-4d84-a3e2-122f9ae9b167,97.43589743589743
1214,7de274e1-4b73-4334-9d79-d3bcf1a00543,97.44680851063829
1215,e6bf49bc-ff53-4983-b6dd-306e65ee3776,97.45454545454545
1216,5ab25be1-4b10-4079-87af-0d9b955c0849,97.5
1217,56701cf8-353d-46d0-ad4b-6f6e9c0ffbc1,97.51824817518248
1218,ec38b664-ea86-48a2-9f7f-055b337152b7,97.5187969924812
1219,830230db-7b36-48ff-8e4c-e0758a83d91e,97.52380952380952
1220,73e14add-b452-4bc7-953a-dbe7363e6c9d,97.52380952380952
1221,521ddeb8-f7d6-484d-8848-0ab71d5fbc84,97.52475247524752
1222,779ced2d-c2ff-4379-91fd-1cbe3154581b,97.55395683453237
1223,9b45f9e4-eec4-4f65-85bb-a58b7e353f5e,97.55555555555556
1224,14b7de6f-bd2c-45b3-8f1b-4988287055c3,97.5609756097561
1225,9a5b969a-a46e-4560-98a2-7e4ff064234b,97.56603773584905
1226,5c478a5d-df98-4065-9209-0f0cc2a73054,97.56849315068493
1227,647e5a61-96d4-493a-b833-b83e5c3a4b0c,97.58878504672897
1228,360facde-9256-40f5-beed-686903e6f5d0,97.59036144578313
1229,2c58f39a-41a4-4e88-b802-1ed56af61b7b,97.59803921568627
1230,8efd4cd4-5d56-4a54-ada6-509a9cd08027,97.60431654676259
1231,f270809d-915b-4889-a607-1faf44d63d6a,97.61224489795919
1232,f162f3e4-8cd8-48ff-bea7-ff8dc50d898e,97.61904761904762
1233,f3b36812-43df-428e-b4aa-120d7ad14f36,97.61904761904762
1234,fa3d011a-f548-4159-a05f-216cf20aa99c,97.6510067114094
1235,bef56b84-31a3-46b4-9988-d14fa18aaee6,97.66233766233766
1236,96ebd50e-71ad-4d55-bcc3-f67d8edefe7d,97.67441860465117
1237,de94e563-c67b-43ad-89d2-c358047d8693,97.67441860465117
1238,b47ac98c-8229-4e88-9191-7a73089def07,97.67441860465117
1239,96e68dfb-5d4b-492c-90cf-58ab42873949,97.6923076923077
1240,2d5ac3d5-620b-4d6a-9d55-d6e8023900a6,97.6923076923077
1241,af9294a7-2007-4be0-af0e-5357c395beed,97.69736842105263
1242,9e036308-b323-4ec4-8245-aa72a0eb43f1,97.70114942528735
1243,6973621a-75db-4242-b8dd-c8538e1cbec3,97.72727272727273
1244,fad06f95-2547-4712-a5e9-930f38a86573,97.73049645390071
1245,babc65f9-d06f-409f-8144-b2f7edd47cd2,97.74305555555556
1246,13043cfc-3cea-4c29-8c2c-3dec236fa592,97.75280898876404
1247,35774b3e-5222-4be7-8cf1-af2e0ef93051,97.77070063694268
1248,a0e9f0fb-9240-4e70-a83a-e50cb6b966fc,97.775
1249,2a9ca291-1451-48da-bdfb-71091fbbaf33,97.77777777777777
1250,7a14cd30-793b-4b99-a343-98cfa406ea47,97.77777777777777
1251,c99156a7-235d-40c0-b18d-036c9acff413,97.79411764705883
1252,e48b87a9-a355-46b7-a92a-78ec656176bd,97.79411764705883
1253,8a607181-cd92-481d-affa-28b73e8cf4b3,97.82608695652173
1254,bb7528aa-aaed-4ce4-ae56-7e2bbac6968b,97.82608695652173
1255,5783b32f-02b3-4af4-96dd-789327786c0c,97.83453237410072
1256,7b38703e-1275-4fbf-8590-fb88691d69e2,97.83653846153847
1257,3bec279f-e85f-4c3d-b587-9fb4e2f8666e,97.84946236559139
1258,8676c0af-f986-4a3b-94a6-0df51b3181f4,97.85714285714286
1259,dbd95779-ba55-47fd-ac90-d433863d4c74,97.86407766990291
1260,e846b2fd-2f9f-4804-9891-38903310fcef,97.87234042553192
1261,39c864fa-8296-446d-8cba-6413611dda20,97.89473684210526
1262,5a9d0bb9-9fce-48fa-a0dd-3fbce4ee0a39,97.89473684210526
1263,6094772b-6bf5-4230-a05a-8b088b59aa9b,97.89473684210526
1264,43be1bfe-e23d-462a-acde-c955edce0997,97.89719626168224
1265,0f1c546a-a7f9-4ad2-96d6-ff1e6b3e03b2,97.90322580645162
1266,8cc47a74-cefe-4518-a60c-7b708c9bbc43,97.91095890410959
1267,642531eb-4c70-42ca-8d1e-fa20e579617c,97.93103448275862
1268,68a99ec7-f732-436a-9ba5-05bee742d802,97.93233082706767
1269,bf58db40-5d44-427a-bba5-f9bdafcbeb5f,97.94444444444444
1270,b5dba3fe-b929-4fc9-82e5-eb8c4db369a3,97.94520547945206
1271,ed635c6e-7e33-437e-8254-1e682476a213,97.94871794871794
1272,f5ae2ce3-bb19-4889-b6ca-aa8f3a68b2d0,97.95918367346938
1273,cd7dc8f8-6f55-4437-93e0-16fbe7b02579,97.95918367346938
1274,c7387b56-cbcc-4c97-a6c2-b4adbf8cd7b4,97.96875
1275,1a16185c-ea3d-40af-a3df-19b77e087dc3,97.97872340425532
1276,23a5b964-b931-4868-9583-8ab52fa023d7,97.97979797979798
1277,29cd08e9-fb40-4a95-a691-f2d041f5ad82,98.0079365079365
1278,004362ba-cb75-400b-a279-c9f54e3dde5d,98.01980198019803
1279,3d93ff3e-29b6-492c-b204-defad2a95e6d,98.02542372881356
1280,c374c970-d229-4fec-917f-68a141265470,98.02586206896552
1281,6cfb77ae-965e-4ab1-aa44-0b1f00cad8e6,98.03921568627452
1282,57673d88-cf20-4001-b0e9-543ebf38d37f,98.03937007874016
1283,6501dd25-dd55-4d80-aa13-b09ff31bff84,98.05194805194805
1284,cdfc03de-c283-4054-a446-891a770bcf4a,98.05825242718447
1285,5122dac2-7fbe-4978-a439-7add4b1b7d88,98.05825242718447
1286,33059ff9-55ba-477f-89b4-849059e741cf,98.05825242718447
1287,0596d795-5ec3-4d32-88fb-40f8f51ea1cc,98.05825242718447
1288,9dd465fd-de9f-46a8-89bc-2d1aabc94161,98.06666666666666
1289,119ecfd8-130a-4a27-98b7-6be019f21e4c,98.07692307692308
1290,f34689cc-bc89-4269-8dfd-11cb6c2402e9,98.08510638297872
1291,3f015697-ed2c-402c-bf7e-0ad0d3f96331,98.08917197452229
1292,e4e7c9ef-a5a7-4c8b-bbb4-dae987cbf8bb,98.0952380952381
1293,463aa2b6-9a94-4a66-806b-89c053651b54,98.11320754716981
1294,7273c171-3cc4-4459-ad4c-d34f75c15616,98.11320754716981
1295,2fc416b1-2d11-467d-8ad0-087261a38a79,98.13084112149532
1296,b2d447c9-6000-43d4-ae06-dd213df90ba0,98.13186813186813
1297,6e463aa2-a1b5-4d0f-be7e-8f36dcd5d4f9,98.14492753623189
1298,42adf859-f7a0-41da-8da9-22d529924e72,98.15789473684211
1299,c6ed3267-b617-4c78-8b96-eda7f8bdce6d,98.1651376146789
1300,f7382777-f653-4966-aba1-b1b3262ef812,98.1651376146789
1301,238380e5-80e6-4c4d-a244-d7c541d10453,98.19
1302,1b19c857-46cd-458e-91d4-7608c021d608,98.21138211382114
1303,c298ef9d-c0a4-447f-9cb9-0fc80cbef5da,98.22
1304,91fc4beb-f477-469c-bbfa-db7a81bc135e,98.22
1305,bbc523b6-72bc-45de-ad74-4da4aa2ec974,98.2258064516129
1306,e599e608-7055-439a-8ec4-be3359dff599,98.23008849557522
1307,f9f271c4-45de-4882-a925-f9cfda53f888,98.27956989247312
1308,7643d9dd-3d30-4791-9330-8e21a78d4fd1,98.2905982905983
1309,1bf58e53-3791-4a65-a48a-963c4269b7d7,98.2905982905983
1310,a71a42b5-1f0d-4125-84e2-3d92a5c9d7ce,98.31932773109244
1311,4ff331a3-3485-4977-8112-4c4cb6edb2da,98.32857142857142
1312,6efd2370-ff26-444e-9c5e-6f0415243d71,98.33116883116882
1313,bfc593b3-0c66-4816-81b5-9824359c5a39,98.33333333333333
1314,a7832778-a840-4db3-ae39-e83826392428,98.34586466165413
1315,6fc9c965-0939-44ee-b05a-a8d5820cd22e,98.34782608695652
1316,4e86f419-1e40-4e14-9e37-103abb7874d5,98.3739837398374
1317,d8ce054e-9973-4c94-846a-09914f2699dc,98.38095238095238
1318,7dad6b55-7acb-4afb-a07b-9d385048dde1,98.38709677419355
1319,56d8057a-3587-48c2-b004-de127a55fb46,98.4
1320,1fcd900a-4156-4508-9f05-2c947d28ae37,98.4
1321,e195e52a-770a-4550-8b0c-c48622e27581,98.4
1322,e641bb46-45a3-4db5-ab63-7590ac8aff5f,98.42268041237114
1323,f3ed9815-efb5-4700-8afd-362eab667190,98.4251968503937
1324,9adb814d-a529-413d-a25d-df15fe79f523,98.42857142857143
1325,19dcf441-1ec0-43ba-a666-1d50f76cef0a,98.47328244274809
1326,8b344d2a-232d-45e4-b886-9f5a9ecd4935,98.47328244274809
1327,6abd41e9-25df-4dc0-9952-44be19139a98,98.47651006711409
1328,9fc40c34-9c4d-48ea-b0a0-dba3eda32ae3,98.48484848484848
1329,ba15a4e1-1b31-4e18-8c16-8c95447577b4,98.50746268656717
1330,9b39fc0b-bb1c-4602-9e28-850fdbf26371,98.51063829787235
1331,dbb80d2d-3677-4711-b557-164759890d4f,98.51851851851852
1332,d9fee273-5de0-48eb-9e80-9802938a7669,98.52941176470588
1333,877e420a-d167-4f4d-bc34-72618e7e37e1,98.53146853146853
1334,a30eb3b3-86f4-4067-8835-ecbd7f2f1d33,98.53658536585365
1335,d31b50f2-0595-435c-906c-69b0638c9a48,98.54545454545455
1336,b3ac4e84-ff2e-4e12-b836-9aea3172b1d5,98.57142857142857
1337,6c09c893-67da-4367-945b-90e3d5898ab3,98.57142857142857
1338,c9526d9e-0055-4520-8f1a-c712465561ff,98.58490566037736
1339,49a4b998-ccd8-4cd6-a7ce-1fbda396c31b,98.59541984732824
1340,ee8627e5-6f86-4f40-b03f-bfedb0b570c5,98.61111111111111
1341,b1c355d9-feda-43a8-a09d-59400f698706,98.61904761904762
1342,df33d0f9-78a1-4460-83cd-887f2a5fb3f2,98.62068965517241
1343,8c402471-582c-4f94-9838-8ea783308bb5,98.62204724409449
1344,f2590ae8-0c0c-4d35-8d0e-934b33b0936e,98.62886597938144
1345,043a889b-74c6-47cb-94f3-e39f52b6a348,98.63636363636364
1346,9a297d3d-1543-40a3-a252-b305a14037a7,98.63945578231292
1347,67fb4baf-135b-4f51-83df-d7fe18e190f8,98.67
1348,317d59a6-f74f-418a-9aac-b2fd0f0bd863,98.67021276595744
1349,578b5804-4f57-4fc9-860c-60dbc9f76010,98.69281045751634
1350,138af7e1-799e-45da-bd94-ea9eb0cc0bae,98.7012987012987
1351,c38c8b33-564c-4169-a738-3563cb02978c,98.7012987012987
1352,ba63ee9f-25df-4702-9894-545fc1c5da3c,98.7012987012987
1353,530d4e18-f0c2-4331-aee5-8ab5bf8916d6,98.71538461538462
1354,d414ad13-61d0-4633-9913-b6d9ad7b5014,98.75
1355,57db7299-67fd-41ae-bb0e-217066b6cdba,98.75
1356,9e50e2e9-cd94-471c-9ccf-3b2d3233e67a,98.75
1357,15598444-b0b9-4dd5-9b3a-5a9cb0b1bbd5,98.76288659793815
1358,04165f13-f076-4398-b512-b0563f6c6378,98.776
1359,60644e56-f356-4804-be7f-45efd99e7cfc,98.80952380952381
1360,9ff5ec20-ebd3-4ae1-ab36-a59db5d8a37a,98.82352941176471
1361,0e87829b-6731-4baf-81b9-8e4bf670d234,98.85057471264368
1362,13232ef5-5e8d-4d11-9ae2-690d8457f151,98.85057471264368
1363,b55c6272-10d4-437a-b0ab-9102fbc51bcd,98.86792452830188
1364,cd39877f-0a80-40a3-9aad-afa1157bc907,98.87640449438203
1365,1717859e-8c59-458c-ac1f-6e2cd5f21cdd,98.88888888888889
1366,968bb9b2-87ea-433e-adae-f9b6ad39fee9,98.9037037037037
1367,f17b81db-bdb7-445b-9df5-b07d8d7ad404,98.91304347826087
1368,ddec3e66-fa66-405b-86f5-aa21fb403e23,98.91304347826087
1369,09f845f9-9258-4f0a-8f12-8137f9a93f81,98.91549295774648
1370,6fad961f-78f1-4bc3-ae9b-3f7c76e7ef9b,98.9247311827957
1371,8e8fd874-d896-4e9b-b954-e4b64a450dc9,98.9247311827957
1372,32c6f98a-26f4-4dd1-af5d-ff011004b7bc,98.9247311827957
1373,6736d716-df27-49ed-b2bd-e2d6d4af66e8,98.9247311827957
1374,b001ceaf-cbaa-4e78-8d52-6376cd2e7172,98.93617021276596
1375,e563055b-3221-4fd5-a61a-74fffd604436,98.93617021276596
1376,46bc092e-3ae5-4573-8404-9298bcf688fa,98.93835616438356
1377,775b5fe1-a2da-47f3-bcc8-9eda618c5af2,98.94736842105263
1378,b7370bd2-d31c-45e3-b661-f7cc5278c2fd,98.95104895104895
1379,d69696f8-0a0d-43f4-8857-5d651cc76919,98.95833333333333
1380,9ed73744-7755-49ff-b0b3-ad333bb7ea6e,98.95833333333333
1381,f4a5e43c-bd0f-4d52-a3bd-a3022ccee262,98.95833333333333
1382,5f27e205-8314-45a2-a999-37a5ffebc763,98.96907216494846
1383,f7937e50-9ccd-475b-a856-192dcd904f34,98.96907216494846
1384,bb088dc7-a6fc-4f30-bb25-c91a0e913286,98.96907216494846
1385,5dfab104-c9fe-409b-bd06-99a3b5af39f8,98.96907216494846
1386,70db30d2-218a-40fa-a532-921b899a9c92,98.98550724637681
1387,45eceaee-09d8-4f8b-838a-ee6c94158505,98.98989898989899
1388,962c3e5f-5aab-45f3-9811-8ce136d271d3,98.98989898989899
1389,2a05976b-ae2f-4295-8bec-e9733f4650e5,99.0
1390,291be9bb-24f8-407b-818a-acc7afa18739,99.0
1391,0e13eda7-6cc1-4c93-9689-cb3a1cce80e3,99.0
1392,f5065a56-8a01-492f-bfbd-14ed84769b7f,99.00990099009901
1393,17b6e7ee-7f2a-435b-8c5a-513f944af78c,99.00990099009901
1394,fe7b1147-631c-4e54-a905-52622e5c45b5,99.01176470588236
1395,97fbdb21-5e49-49fe-9bad-6b1f3c27d2de,99.03225806451613
1396,158b028b-f660-48ee-a8c2-f9f8590ad471,99.04054054054055
1397,e6f13826-be24-44c8-87bb-1fb28eb6b524,99.04964539007092
1398,f43ea19c-b943-4870-8028-24e13f0b88c7,99.05660377358491
1399,74aaa303-ea2c-4b7c-acf5-c070861bdc9c,99.05660377358491
1400,4d702d86-fa68-43cf-ba54-d6c5ba1fb7ea,99.08256880733946
1401,335134da-832c-4119-b453-31538e3a013d,99.08256880733946
1402,97e36209-8bf4-45ba-9855-98f16e37d22a,99.08256880733946
1403,7cd4cefc-0261-474e-bc74-d80bee388a65,99.0909090909091
1404,a11c85c4-a672-4d39-bbd1-be9aff45ce48,99.1044776119403
1405,f452431f-cc42-4d67-839a-2990b7f51042,99.10714285714286
1406,756e7672-3eb1-4a0a-8003-bd5bdf2d65a8,99.11504424778761
1407,d066fa9e-8a6a-416d-97d4-151d7dc600d6,99.11504424778761
1408,21eeeca3-aa2e-4c29-82e6-0023691d8f43,99.12280701754386
1409,802c3757-3937-43c5-8d01-0daee3a5211f,99.12280701754386
1410,df2486b6-cd0e-4ec9-9eb7-b714bf6083f3,99.12280701754386
1411,3d0d394f-63d5-4189-ba12-35dc297c53d3,99.140625
1412,d7995b33-d369-471e-8a68-792e46b47577,99.14529914529915
1413,a0b11179-e459-4a2e-be24-e05408c31e0e,99.14685314685315
1414,73a34d90-02a7-4cda-a489-a74c12cedd37,99.14893617021276
1415,e1207a3f-ee19-44e1-b019-d3d18c729db5,99.15966386554622
1416,ccb40cef-0cb8-42ec-b7a6-1b664d2ab9c5,99.16666666666667
1417,7c0e96d2-d393-4482-8383-94752bbee731,99.1869918699187
1418,56d8ffd5-6b3e-476c-bf9e-335c8258966a,99.19736842105263
1419,22695cb0-7a2a-4c05-8b2d-ffa8f93f4992,99.21875
1420,abfec057-66c7-4aa5-bcd8-0c141878ed17,99.22680412371135
1421,5102b8b4-1101-4a42-ba8a-859fcfd0b321,99.23076923076923
1422,f50500bd-0e88-457e-b5ae-310d2d246274,99.23387096774194
1423,77d87029-fbc5-4328-82f3-95f863b88f6c,99.24812030075188
1424,23a6b8c0-bcda-4166-9d88-e2254b309b18,99.24812030075188
1425,c0284667-b601-45e9-b5b5-6586aa468d0c,99.27536231884058
1426,12f60370-aaf3-4625-8a98-2632e21f35e7,99.27536231884058
1427,141b7e48-bd32-48bf-8287-a0eb88761970,99.27741935483871
1428,a37c5324-6043-47fe-97d2-3a92b2830543,99.27857142857142
1429,5a9eaa91-a284-455f-92d0-72b548df4496,99.28057553956835
1430,25d4c52b-32cd-430c-b8d4-f8bef90c045b,99.28571428571429
1431,c18753a1-f1b3-4b5e-8edb-02bf205b1593,99.29078014184397
1432,afc31731-4218-4c20-b03e-a6052e56c43c,99.3103448275862
1433,007f6785-388a-4dee-8cc8-e1c903fd78e2,99.32432432432432
1434,81b678af-018c-44c3-85f9-ee745d1faa36,99.35483870967742
1435,3ca8c576-6b31-4a12-a38b-5b421fff19ff,99.35897435897436
1436,b2a26ca9-bc52-40ff-aea3-a618a51b92be,99.35897435897436
1437,6159963c-f31a-44d9-88df-5ed269b16273,99.36153846153846
1438,8458c4c1-d791-4d5a-9c45-6b9129869da2,99.37106918238993
1439,de47c73a-25ac-44e0-9fc9-9c3ab3be1f7b,99.37106918238993
1440,3866ee18-686e-469e-9de3-f99915fa26fa,99.37106918238993
1441,9b22628e-c497-48c1-bda3-1483131650ce,99.37106918238993
1442,bb771c15-2d00-446d-8993-2bbfcee78f33,99.375
1443,b4eb510c-63a2-49c2-ba52-4fe67dbdecdf,99.3956043956044
1444,46ee585b-b19d-4bb0-9e0f-acad3ecd7d68,99.39759036144578
1445,95e03237-1db4-4f74-95cd-744b81b7bad8,99.5
1446,2d5bb3d0-d521-4ef7-a1c8-711cc7005a94,99.5049504950495
1447,3630249b-12f5-4af5-aa83-5a98fdb1b59e,99.50735294117646
1448,b7115dd0-36fa-4e5b-b3a0-6ea8ed5a986d,99.51923076923077
1449,def6fc8e-2cca-4bb6-a7e7-5e942fb666fe,99.52475247524752
1450,54239673-f43e-44d7-99f0-cbb0d1d5e522,99.54545454545455
1451,6601ca4c-0544-4b64-abb4-57e09f7a6632,99.5575221238938
1452,15f95aaa-69be-4dd2-a030-51f950b84e20,99.58571428571429
1453,8cf6725d-39f6-472f-a90b-75378cedac78,99.67326732673267
1454,23ab8a0a-5c50-4b69-bd18-b80bad6bab38,99.7536231884058
1455,ecef7bd1-7797-43dc-a663-2478ea8b0b8a,99.81927710843374
1456,6306c7a4-253f-4a87-aafa-1b3bcc1f6912,99.84126984126983
1457,3eb0fe40-d97d-4f7a-966d-62483111b9fd,99.84251968503936
1458,e4bb1983-c9ab-47a3-98c6-d5d01023819e,99.84615384615384
1459,a542a73e-4999-4a23-add4-260692c8fdf7,99.9
1460,eee2d398-14d2-4c8b-856d-340cb94f6bb4,99.95454545454545
1461,481f0f28-c1c9-4c39-abdd-9cb509499155,99.97478991596638
1462,3888ead0-5710-4c7c-92fb-9aac1eb76b10,99.98496240601504
1463,15dae171-7587-4945-8190-962e75059547,100.0
1464,16b8c2b3-34d9-4a81-8625-cd5036335cb9,100.0
1465,48cee0d7-5039-48f4-9bfe-9beb47ec01a2,100.0
1466,b6f7de8d-dfc8-4e0e-970e-0cd2d270af5b,100.0
1467,d4856acb-9ec6-445d-8e94-b79e17be87fb,100.0
1468,d6c7da3c-84a2-4a58-99cf-bad127f9375a,100.0
1469,02e9a973-da75-474e-9994-61f58192f450,100.0
1470,46532f7d-fa77-482b-98eb-319a91c9aa93,100.0
1471,aea14ea3-e5f3-40a3-b681-284f249ecff9,100.0
1472,430677a3-c5cf-4dd2-b0d1-1e0686debe10,100.0
1473,f9777bc1-5d7e-465d-bd3d-775c941af043,100.0
1474,4695264a-fcfd-4dca-b9f9-cbdc2d347c35,100.0
1475,4ab0cd74-e6b4-48dd-a9ad-0b89644d5528,100.0
1476,2e9ae01f-23d0-4ff7-a15d-4a7d5363dbc0,100.0
1477,f81019d6-df2c-4164-9423-2bc839ae84f5,100.0
1478,ee11567a-1abd-4140-a344-896f868873b6,100.0
1479,30b3f749-1702-43d2-a5e6-b6b460c5bf77,100.0
1480,33faa661-d24d-423b-a92b-15a1edd3bb64,100.0
1481,c9036177-0c73-4848-930c-e22ac971eae5,100.0
1482,ff432c98-bc60-44c5-94d0-06d8266d7613,100.0
1483,118df66c-3d40-4882-a57d-d1348b0780cd,100.0
1484,c527df7d-2b80-4a96-87c0-ceb4fafa9af7,100.0
1485,368f6889-ce9b-4570-ab0a-44a0c92d9ebe,100.0
1486,ced79523-bdee-4628-9905-7aa3832d8884,100.0
1487,c34f788c-e3ac-4629-8386-37df9ff099a5,100.0
1488,cfa45e49-23a6-4451-aa40-09da04e37c75,100.0
1489,c0dd1795-7066-47c6-adb6-a97a804f7efc,100.0
1490,39c7f605-d078-4bce-9c72-dcc220a52df1,100.0
1491,b9f13bcf-6b02-4ebc-a1ac-7e6fc4d27549,100.0
1492,d08e875b-b79e-44e0-a329-555b147a6376,100.0
1493,bea545f0-8ac8-45bf-b3d9-4fabc5dcfa70,100.0
1494,fd250593-3983-4883-a99d-6f6c1c4aa694,100.0
1495,d16c9945-636d-41a9-9d2e-250b0b740c1f,100.0
1496,fc81b73e-7495-41d5-bb65-0985ca75583a,100.0
1497,d1b15958-27d5-40a9-8d08-a4589f9fe34e,100.0
1498,bb50ea17-0d60-4bd5-ab41-2cddf17cabb5,100.0
1499,3daa2b45-ceb7-4515-adbb-446bc2ea5484,100.0
1500,4b156d36-706c-4f3f-817b-2cf08adc450f,100.0
1501,ba9e5849-e37d-4fea-b501-77e4f3688579,100.0
1502,d3459c5a-f1d7-45ba-95aa-7b563d8e5c60,100.0
1503,40304119-cc1f-44c1-a79e-77dfd0cff2b2,100.0
1504,fd63c2ef-241b-46ae-a9a0-ad464a6d6185,100.0
1505,2e56b1e8-7d64-4a96-8a15-1ab05a500864,100.0
1506,a7917e7d-61e1-4fcf-b5c7-18098f461980,100.0
1507,1810f6dc-744d-4e34-bd96-2ab46d14e55e,100.0
1508,8ef30faa-9b6a-43c8-b1b7-ae4064db5902,100.0
1509,5b204d0e-d71e-4391-b85f-5a3a72959a8b,100.0
1510,5b62b7d7-1337-4de3-812c-00341a826ee9,100.0
1511,8ad47c5a-0c17-43fc-966c-734d2a41844d,100.0
1512,5c7af392-82cf-4499-a3dd-b78d5f3ae3a1,100.0
1513,2b464171-45b5-4928-bfcd-39fa137bd624,100.0
1514,099beb1c-3583-40cf-8db7-4808a030ea50,100.0
1515,f1e5573a-09f3-4842-9ff5-ae3c40748d5a,100.0
1516,85f41616-7515-4c90-80fb-f802ca44c3ca,100.0
1517,81939dc1-2ad9-4d15-b7df-3fd369ac6172,100.0
1518,7eb5a9fa-2b5c-4a8a-a585-87f51d79dd2d,100.0
1519,21797a9e-996c-40ef-87a4-42b30ad58665,100.0
1520,792f538d-43d6-4a48-9689-a53c37d9d2bb,100.0
1521,643d21f4-841c-454e-9bdc-9130edc92aac,100.0
1522,e8a85a6a-5fc3-47dc-9dd5-b74379c30517,100.0
1523,64af8a17-abb0-4a84-8d0f-eb708c2177e6,100.0
1524,2600cf90-6093-4890-992a-aa38918157e7,100.0
1525,72297ada-20fc-4886-aaa5-b76f38b94a07,100.0
1526,6bf385ad-20a1-4ebe-b188-e1f2acf9de03,100.0
1527,6b29ddbd-4f09-4d3a-a5db-8ef0c1481d43,100.0
1528,6af1be5a-078e-4b9f-a9b9-2dad7eaef121,100.0
1529,ed2120d2-cc75-48e0-bacd-fe37ed7281a2,100.0
1530,0660b5d0-5da8-42b3-acd7-900158dc4a9b,100.0
1531,eda49ff8-4512-43d9-8897-9f3df67c571c,100.0
1532,7872799c-ee3b-4436-95fd-dc926f5ea82b,100.0
1533,ab6c9c2d-ad97-460c-8bb9-b7901a072ee8,100.0
1534,215f00af-09bd-417e-bc99-e7b465d75c48,100.0
1535,f3dc2e8d-b777-441e-bb0e-30346c17f934,100.0
1536,4eb3c39e-ad1e-4f69-86dd-a5ddf3114759,100.0
1537,4f268ada-075b-44b7-ab49-9c23e4991f03,100.0
1538,a935e26f-d4ec-4953-aa31-2b640eb8c1ef,100.0
1539,50b50ba1-f9f5-4b72-987a-2631f5b58599,100.0
1540,18e3b522-acdb-4a64-a6bd-9df8cc322bc6,100.0
1541,6a173ba6-445c-4e0d-a6bf-b57aae34cbab,100.0
1542,0e16fbe1-3e0b-4a59-8b72-31b3fcc4da0b,100.0
1543,5253062c-c8e9-43bb-8346-b5c46420bdf2,100.0
1544,192b1427-c246-4761-bacb-b12693e5c2b8,100.0
1545,dabf639f-0aa5-44d9-80f6-fffa8e99f9a0,100.0
1546,5603125d-25a9-4015-b89d-4991411ff062,100.0
1547,918aa44e-ffe3-4999-86e1-0f2afcaa9f3a,100.0
1548,dafb6a99-adb3-4c3a-bb0c-2100bbe85386,100.0
1549,a4e5f095-81d0-4083-a1ea-b645660a1f2e,100.0
1550,a03e3984-f105-4540-bfcb-a3d93ca72169,100.0
1551,de0a9b22-1047-4e50-be9c-2f4509ad4caa,100.0
1552,de65df34-5eed-4fc9-a28f-ca1a8fc5b268,100.0
1553,0bb0a9ac-9854-48b5-b284-71b67a4aa167,100.0
1554,1c30601e-1e74-43b5-8f61-1cf3e52c3100,100.0
1555,0ba88570-db1e-4b4d-935f-781ffdeaf252,100.0
1556,1d306947-4e57-4ce5-b410-cd2702988d3a,100.0
1557,1f21fa0d-0904-4589-a67f-fc64d6366ebd,100.0
1558,0aa046b4-4171-41dc-a24b-a72e88dab3d8,100.0
1559,2c4f2b9d-ca1f-4f62-a08e-a9b2a459f246,100.0
1560,db1a02d9-b667-4442-802c-bd6ef9899fae,100.0
1561,34893612-bb87-4069-b17d-f9c5139c032b,100.0
